idMeal,strMeal,strMealAlternate,strCategory,strArea,strCountry,strInstructions,strMealThumb,strTags,strYoutube,strIngredient1,strIngredient2,strIngredient3,strIngredient4,strIngredient5,strIngredient6,strIngredient7,strIngredient8,strIngredient9,strIngredient10,strIngredient11,strIngredient12,strIngredient13,strIngredient14,strIngredient15,strIngredient16,strIngredient17,strIngredient18,strIngredient19,strIngredient20,strMeasure1,strMeasure2,strMeasure3,strMeasure4,strMeasure5,strMeasure6,strMeasure7,strMeasure8,strMeasure9,strMeasure10,strMeasure11,strMeasure12,strMeasure13,strMeasure14,strMeasure15,strMeasure16,strMeasure17,strMeasure18,strMeasure19,strMeasure20,strSource,strImageSource,strCreativeCommonsConfirmed,dateModified
53138,Alfajores,,Dessert,Argentina,Argentina,"Make the Dough: Cream butter and sugar. Add egg yolks and lemon zest. Gradually mix in flour and cornstarch to form a dough. Chill for 1 hour.
Bake the Cookies: Roll out the dough, cut into circles, and bake at 180°C (350°F) for 12-15 minutes. Let cool.
Assemble: Spread dulce de leche on one cookie, then sandwich with another. Roll the edges in coconut flakes.
Pro Tips:

Chill the dough before rolling it out to make it easier to handle and to prevent the cookies from spreading too much while baking.
Dip the alfajores in melted chocolate and let them set on a wire rack for an extra decadent treat.",https://www.themealdb.com/images/media/meals/a4kgf21763075288.jpg,,https://www.youtube.com/watch?v=9WR40GHpsyo,All purpose flour,Cornstarch,Butter,Sugar,Egg Yolks,Lemon Zest,Dulce de leche,Desiccated Coconut,,,,,,,,,,,,,300g,200g,200g,100g ,2,1 teaspoon, ,Sprinkling, , , , , , , , , , , , ,https://www.munchery.com/blog/the-ten-iconic-dishes-of-argentina-and-how-to-cook-them-at-home/,,,2025-11-13 11:32:17
53111,Anzac biscuits,,Dessert,Australian,Australia,"step 1
Heat oven to 180C/fan 160C/gas 4. Put the oats, coconut, flour and sugar in a bowl. Melt the butter in a small pan and stir in the golden syrup. Add the bicarbonate of soda to 2 tbsp boiling water, then stir into the golden syrup and butter mixture.

step 2
Make a well in the middle of the dry ingredients and pour in the butter and golden syrup mixture. Stir gently to incorporate the dry ingredients.

step 3
Put dessertspoonfuls of the mixture on to buttered baking sheets, about 2.5cm/1in apart to allow room for spreading. Bake in batches for 8-10 mins until golden. Transfer to a wire rack to cool.",https://www.themealdb.com/images/media/meals/q47rkb1762324620.jpg,,https://www.youtube.com/watch?v=1nAVbfQVWRQ,Porridge oats,Desiccated Coconut,Plain Flour,Caster Sugar,Butter,Golden Syrup,Bicarbonate Of Soda,,,,,,,,,,,,,,85g,85g,100g ,100g ,100g ,1 tblsp ,1 teaspoon, , , , , , , , , , , , , ,https://www.bbcgoodfood.com/recipes/anzac-biscuits,,,2025-11-05 04:46:03
53049,Apam balik,,Dessert,Malaysian,Malaysia,"Mix milk, oil and egg together. Sift flour, baking powder and salt into the mixture. Stir well until all ingredients are combined evenly.

Spread some batter onto the pan. Spread a thin layer of batter to the side of the pan. Cover the pan for 30-60 seconds until small air bubbles appear.

Add butter, cream corn, crushed peanuts and sugar onto the pancake. Fold the pancake into half once the bottom surface is browned.

Cut into wedges and best eaten when it is warm.",https://www.themealdb.com/images/media/meals/adxcbq1619787919.jpg,,https://www.youtube.com/watch?v=6R8ffRRJcrg,Milk,Oil,Eggs,Flour,Baking Powder,Salt,Unsalted Butter,Sugar,Peanut Butter,,,,,,,,,,,,200ml,60ml,2,1600g,3 tsp,1/2 tsp,25g,45g,3 tbs, , , , , , , , , , , ,https://www.nyonyacooking.com/recipes/apam-balik~SJ5WuvsDf9WQ,,,
52893,Apple & Blackberry Crumble,,Dessert,British,United Kingdom,"Heat oven to 190C/170C fan/gas 5. Tip the flour and sugar into a large bowl. Add the butter, then rub into the flour using your fingertips to make a light breadcrumb texture. Do not overwork it or the crumble will become heavy. Sprinkle the mixture evenly over a baking sheet and bake for 15 mins or until lightly coloured.
Meanwhile, for the compote, peel, core and cut the apples into 2cm dice. Put the butter and sugar in a medium saucepan and melt together over a medium heat. Cook for 3 mins until the mixture turns to a light caramel. Stir in the apples and cook for 3 mins. Add the blackberries and cinnamon, and cook for 3 mins more. Cover, remove from the heat, then leave for 2-3 mins to continue cooking in the warmth of the pan.
To serve, spoon the warm fruit into an ovenproof gratin dish, top with the crumble mix, then reheat in the oven for 5-10 mins. Serve with vanilla ice cream.",https://www.themealdb.com/images/media/meals/xvsurr1511719182.jpg,Pudding,https://www.youtube.com/watch?v=4vhcOwVBDO4,Plain Flour,Caster Sugar,Butter,Braeburn Apples,Butter,Demerara Sugar,Blackberries,Cinnamon,Ice Cream,,,,,,,,,,,,120g,60g,60g,300g,30g,30g,120g,¼ teaspoon,to serve,,,,,,,,,,,,https://www.bbcgoodfood.com/recipes/778642/apple-and-blackberry-crumble,,,
53380,Apple cake,,Dessert,Netherlands,Netherlands,"Preheat the oven to 180°C. (350˚F) Grease a cake pan and line it with baking paper.
In a large bowl, break the four eggs with the sugar and beat until they have tripled in volume and become fluffy.
Sift the self-rising baking flour and add it to your egg mixture. Fold this over, preserving as much air as possible. Add the melted (and slightly cooled) butter and mix until combined.
Add cinnamon, pinch of salt and vanilla extract.
Add the diced apple to the batter and gently fold them into the batter so that the apple pieces are evenly distributed. You can roll the apple pieces through some more cinnamon.
Pour the batter into the prepared cake pan and smooth the top with a spatula.
Place the apple slices on top of the batter and press lightly. Sprinkle optionally with some almond shavings.
Bake the apple cake in the preheated oven for about 45-50 minutes, or until a wooden skewer comes out clean when inserted into the center of the cake.
Remove the cake from the oven and let it cool in the mold for a few minutes. Then carefully remove the cake from the mold and let cool completely on a wire rack.
Sprinkle the cooled apple cake with powdered sugar",https://www.themealdb.com/images/media/meals/c0gmo31766594751.jpg,,https://www.youtube.com/watch?v=vZy-7UyPdjM,Eggs,Sugar,Self-raising Flour,Melted Butter,Vanilla Extract,Ground Cinnamon,Apples,Salt,Ground Sugar,,,,,,,,,,,,4,200g,200g,200g,1 tsp,1 tsp,3,Pinch,Sprinkling, , , , , , , , , , , ,https://insimoneskitchen.com/dutch-apple-cake/#recipe,,,2025-12-24 16:44:00
52768,Apple Frangipan Tart,,Dessert,British,United Kingdom,"Preheat the oven to 200C/180C Fan/Gas 6.
Put the biscuits in a large re-sealable freezer bag and bash with a rolling pin into fine crumbs. Melt the butter in a small pan, then add the biscuit crumbs and stir until coated with butter. Tip into the tart tin and, using the back of a spoon, press over the base and sides of the tin to give an even layer. Chill in the fridge while you make the filling.
Cream together the butter and sugar until light and fluffy. You can do this in a food processor if you have one. Process for 2-3 minutes. Mix in the eggs, then add the ground almonds and almond extract and blend until well combined.
Peel the apples, and cut thin slices of apple. Do this at the last minute to prevent the apple going brown. Arrange the slices over the biscuit base. Spread the frangipane filling evenly on top. Level the surface and sprinkle with the flaked almonds.
Bake for 20-25 minutes until golden-brown and set.
Remove from the oven and leave to cool for 15 minutes. Remove the sides of the tin. An easy way to do this is to stand the tin on a can of beans and push down gently on the edges of the tin.
Transfer the tart, with the tin base attached, to a serving plate. Serve warm with cream, crème fraiche or ice cream.",https://www.themealdb.com/images/media/meals/wxywrq1468235067.jpg,"Tart,Baking,Fruity",https://www.youtube.com/watch?v=rp8Slv4INLk,digestive biscuits,butter,Bramley apples,Salted Butter,caster sugar,"free-range eggs, beaten",ground almonds,almond extract,flaked almonds,,,,,,,,,,,,175g/6oz,75g/3oz,200g/7oz,75g/3oz,75g/3oz,2,75g/3oz,1 tsp,50g/1¾oz,,,,,,,,,,,,,,,
53276,Apricot & Turkish delight mess,,Dessert,Turkish,Turkey,"step 1
Place the mascarpone, yogurt, sugar and orange flower water into a large bowl and whisk until thickened. Fold the remaining ingredients through, then divide the mix between 2 dessert glasses or bowls and decorate with extra mint, if you like.",https://www.themealdb.com/images/media/meals/p277uc1764109195.jpg,,,Mascarpone,Greek Yogurt,Icing Sugar,Orange Blossom Water,Meringue Nests,Apricot,Turkish Delight,Almonds,Mint,,,,,,,,,,,,100g ,50g,25g,2 tablespoons,1,3,2 pieces ,25g,4, , , , , , , , , , , ,https://www.bbcgoodfood.com/recipes/apricot-turkish-delight-mess,,,2025-11-25 22:15:09
53392,Arnhemse meisjes,,Dessert,,Netherlands,"Take your puff pastry from the freezer and defrost.
Sprinkle some flour on the kitchen counter. Stack the sheets of puff pastry on top of each other and roll them out with a rolling pin. You want those five sheets to end up being as thin as one sheet.

Using a round or oval form press into the puff pastry and try to be as economical doing that as possible. You want to have as many cookies as you can.
Mix the vanilla sugar with the cinnamon, cardemom and limezest in a little bowl
Remove the flour from the counter and sprinkle with a bit of the sugar mix.
Brush your puff pastry with a little bit of eggwash and than dip into the sugar mix and roll them softly to press the sugar in.
Put your sugary puff pastry on a baking sheet (greased or with baking paper) and leave the dough to rest for about 20 to 25 minutes. this will make the cookies even crisper.
Preheat the oven in the meantime to 180 C and put the baking tray in the oven.
bake the cookies golden brown in about 25 minutes and make sure the sugar is caramelised nicely
And voila, Girls from Arnhem with an Almeerse twist
Voila, Arnhemse Meisjes met een Almeerse twist.",https://www.themealdb.com/images/media/meals/y4t9zg1777628842.jpg,,https://www.youtube.com/watch?v=AFJm15R4YYw,Puff Pastry,vanilla sugar,Cinnamon,Cardamom,Lime,,,,,,,,,,,,,,,,5 Slices,100g ,1/2 tsp,1/2 ,Zest of 1,,,,,,,,,,,,,,,,https://insimoneskitchen.com/making-your-own-arnhemse-meisjes/#recipe,,,2026-05-01 10:11:23
53127,Authentic Norwegian Kransekake,,Dessert,Norway,Norway,"Grind almonds in an almond grinder or food processor.
▢
Mix almonds and powdered sugar together in a large mixing bowl. Add three of the egg whites and knead the dough together with your hands until it comes together in a ball. Wrap in cling film and leave in the fridge for at least an hour, preferably until the next day.
▢
Grease the kransekake forms thoroughly and coat with semolina, flour, or bread crumbs.
▢
Preheat oven to 210°C (410°F) top and bottom heat. Divide the dough into six sections.
▢
Slowly add the remaining egg white to the dough and knead it until you can roll it into long sausages about as thick as your index finger. Fill the forms with the dough sausages, pinching the ends together to make rings.
▢
Set the forms on a baking sheet and back in the middle of the oven for about 10 – 12 minutes, until the tops are golden brown.",https://www.themealdb.com/images/media/meals/yk78uc1763075719.jpg,,https://www.youtube.com/watch?v=fE85ioKQ7ew,Almonds,Egg White,Powdered Sugar,Powdered Sugar,Egg White,Lemon Juice,,,,,,,,,,,,,,,3 Cups,4,4 cups ,2 cups ,1,1/2 teaspoon, , , , , , , , , , , , , , ,https://scandinaviancookbook.com/classic-norwegian-kransekake-recipe/,,,2025-11-12 11:08:18
52767,Bakewell tart,,Dessert,British,United Kingdom,"To make the pastry, measure the flour into a bowl and rub in the butter with your fingertips until the mixture resembles fine breadcrumbs. Add the water, mixing to form a soft dough.
Roll out the dough on a lightly floured work surface and use to line a 20cm/8in flan tin. Leave in the fridge to chill for 30 minutes.
Preheat the oven to 200C/400F/Gas 6 (180C fan).
Line the pastry case with foil and fill with baking beans. Bake blind for about 15 minutes, then remove the beans and foil and cook for a further five minutes to dry out the base.
For the filing, spread the base of the flan generously with raspberry jam.
Melt the butter in a pan, take off the heat and then stir in the sugar. Add ground almonds, egg and almond extract. Pour into the flan tin and sprinkle over the flaked almonds.
Bake for about 35 minutes. If the almonds seem to be browning too quickly, cover the tart loosely with foil to prevent them burning.",https://www.themealdb.com/images/media/meals/wyrqqq1468233628.jpg,"Tart,Baking,Alcoholic",https://www.youtube.com/watch?v=1ahpSTf_Pvk,plain flour,chilled butter,cold water,raspberry jam,butter,caster sugar,ground almonds,"free-range egg, beaten",almond extract,flaked almonds,,,,,,,,,,,175g/6oz,75g/2½oz,2-3 tbsp,1 tbsp,125g/4½oz,125g/4½oz,125g/4½oz,1,½ tsp,50g/1¾oz,,,,,,,,,,,,,,
53279,"Baklava with spiced nuts, ricotta & chocolate",,Dessert,Turkish,Turkey,"step 1
First, make the syrup. Tip the sugar into a large saucepan with 650ml water. Stir over a low heat until the sugar has dissolved, then turn up the heat and bring to the boil. Reduce the heat to a simmer and cook for 15 mins, then squeeze in a few drops of lemon juice and simmer for a further 5 mins. Remove from the heat and leave to cool. Meanwhile, for assembling the baklava later, melt the butter in a small pan over a low heat for 5 mins, skimming and discarding any froth that rises to the surface.

step 2
For the filling, crush all of the nuts in a pestle and mortar, or blitz in a food processor – you want a mixture of finely ground nuts with a few chunky pieces. Tip into a bowl, stir through the spices and set aside.

step 3
In a separate bowl, mix the ricotta with the lemon and orange zests and vanilla. Heat the oven to 180C/160C fan/gas 4. Brush the bottom of a large baking tray (about 35 x 47cm) with some of the melted butter. Working with one sheet of filo at a time (covering the rest with a damp tea towel to prevent it drying out), lay the sheet out on a board so one of the short ends is facing you. Sprinkle 30g of the nut mixture evenly over the whole sheet, then spoon 1 tbsp of the ricotta mixture across the end closest to you. Fold this end over to enclose the filling, then lay a long, thin skewer next to the folded edge and roll the pastry around it to create a long roll. When it’s fully rolled up, it should be roughly the thickness of a chipolata sausage. While holding one end of the rolling pin or skewer, gently scrunch the filo roll like an accordion and carefully push it off the skewer and onto the prepared tray. Repeat with the rest of the filo and fillings – you should get about 12 rolls. Cut each roll into four to make 48 large baklava, or eight to make 96 mini.

step 4
Brush with the remaining melted butter. Bake for 20-25 mins until evenly golden, turning the tray around halfway through. While still hot, immediately pour over 5-6 ladlefuls of the syrup. You should hear the syrup sizzle as it hits the hot baklava. Set aside to cool and absorb.

step 5
Melt the dark chocolate in a heatproof bowl set over a pan of simmering water, ensuring the bowl doesn’t touch the water, or in the microwave in short bursts. Drizzle this over the cooled baklava and sprinkle with the ground pistachios.",https://www.themealdb.com/images/media/meals/ytme8t1764111401.jpg,,https://www.youtube.com/watch?v=yK_sSFDvsT0,Sugar,Lemon Juice,Walnuts,Pecan Nuts,Almonds,Ground Cinnamon,Ground Cardomom,Ricotta,Lemon,Orange,Vanilla Bean Paste,Unsalted Butter,Filo Pastry,Ground Pistachios,,,,,,,500g,To taste,300g,200g,100g ,2 tablespoons,1 tablespoon,500g,Zest of 1,Zest of 1,1 tablespoon,250g,500g,100g , , , , , , ,https://www.bbcgoodfood.com/recipes/baklava-with-spiced-nuts-ricotta-chocolate,,,2025-11-25 22:54:11
52855,Banana Pancakes,,Dessert,United States,United States,"In a bowl, mash the banana with a fork until it resembles a thick purée. Stir in the eggs, baking powder and vanilla.
Heat a large non-stick frying pan or pancake pan over a medium heat and brush with half the oil. Using half the batter, spoon two pancakes into the pan, cook for 1-2 mins each side, then tip onto a plate. Repeat the process with the remaining oil and batter. Top the pancakes with the pecans and raspberries.",https://www.themealdb.com/images/media/meals/sywswr1511383814.jpg,"Breakfast,Desert,Sweet",https://www.youtube.com/watch?v=kSKtb2Sv-_U,Banana,Eggs,Baking Powder,Vanilla Extract,Oil,Pecan Nuts,Raspberries,,,,,,,,,,,,,,1 large,2 medium,pinch,spinkling,1 tsp ,25g,125g,,,,,,,,,,,,,,https://www.bbcgoodfood.com/recipes/banana-pancakes,,,
52894,Battenberg Cake,,Dessert,British,United Kingdom,"Heat oven to 180C/160C fan/gas 4 and line the base and sides of a 20cm square tin with baking parchment (the easiest way is to cross 2 x 20cm-long strips over the base). To make the almond sponge, put the butter, sugar, flour, ground almonds, baking powder, eggs, vanilla and almond extract in a large bowl. Beat with an electric whisk until the mix comes together smoothly. Scrape into the tin, spreading to the corners, and bake for 25-30 mins – when you poke in a skewer, it should come out clean. Cool in the tin for 10 mins, then transfer to a wire rack to finish cooling while you make the second sponge.
For the pink sponge, line the tin as above. Mix all the ingredients together as above, but don’t add the almond extract. Fold in some pink food colouring. Then scrape it all into the tin and bake as before. Cool.
To assemble, heat the jam in a small pan until runny, then sieve. Barely trim two opposite edges from the almond sponge, then well trim a third edge. Roughly measure the height of the sponge, then cutting from the well-trimmed edge, use a ruler to help you cut 4 slices each the same width as the sponge height. Discard or nibble leftover sponge. Repeat with pink cake.
Take 2 x almond slices and 2 x pink slices and trim so they are all the same length. Roll out one marzipan block on a surface lightly dusted with icing sugar to just over 20cm wide, then keep rolling lengthways until the marzipan is roughly 0.5cm thick. Brush with apricot jam, then lay a pink and an almond slice side by side at one end of the marzipan, brushing jam in between to stick sponges, and leaving 4cm clear marzipan at the end. Brush more jam on top of the sponges, then sandwich remaining 2 slices on top, alternating colours to give a checkerboard effect. Trim the marzipan to the length of the cakes.
Carefully lift up the marzipan and smooth over the cake with your hands, but leave a small marzipan fold along the bottom edge before you stick it to the first side. Trim opposite side to match size of fold, then crimp edges using fingers and thumb (or, more simply, press with prongs of fork). If you like, mark the 10 slices using the prongs of a fork.
Assemble second Battenberg and keep in an airtight box or well wrapped in cling film for up to 3 days. Can be frozen for up to a month.",https://www.themealdb.com/images/media/meals/ywwrsp1511720277.jpg,"Cake,Sweet",https://www.youtube.com/watch?v=aB41Q7kDZQ0,Butter,Caster Sugar,Self-raising Flour,Almonds,Baking Powder,Eggs,Vanilla Extract,Almond Extract,Butter,Caster Sugar,Self-raising Flour,Almonds,Baking Powder,Eggs,Vanilla Extract,Almond Extract,Pink Food Colouring,Apricot,Marzipan,Icing Sugar,175g,175g,140g,50g,½ tsp,3 Medium,½ tsp,¼ teaspoon,175g,175g,140g,50g,½ tsp,3 Medium,½ tsp,¼ teaspoon,½ tsp,200g,1kg,Dusting,https://www.bbcgoodfood.com/recipes/1120657/battenberg-cake,,,
52928,BeaverTails,,Dessert,Canadian,Canada,"In the bowl of a stand mixer, add warm water, a big pinch of sugar and yeast. Allow to sit until frothy.
Into the same bowl, add 1/2 cup sugar, warm milk, melted butter, eggs and salt, and whisk until combined.
Place a dough hook on the mixer, add the flour with the machine on, until a smooth but slightly sticky dough forms.
Place dough in a bowl, cover with plastic wrap, and allow to proof for 1 1/2 hours.
Cut dough into 12 pieces, and roll out into long oval-like shapes about 1/4 inch thick that resemble a beaver’s tail.
In a large, deep pot, heat oil to 350 degrees. Gently place beavertail dough into hot oil and cook for 30 to 45 seconds on each side until golden brown.
Drain on paper towels, and garnish as desired. Toss in cinnamon sugar, in white sugar with a squeeze of lemon, or with a generous slathering of Nutella and a handful of toasted almonds. Enjoy!",https://www.themealdb.com/images/media/meals/ryppsv1511815505.jpg,"Treat,Pudding,Speciality",https://www.youtube.com/watch?v=2G07UOqU2e8,Water,Yeast,Sugar,Milk,Butter,Eggs,Salt,Flour,Oil,Lemon,Sugar,Cinnamon,,,,,,,,,1/2 cup ,2 parts ,1/2 cup ,1/2 cup ,6 tblsp,2,1 ½ tsp,2-1/2 cups,for frying,garnish,garnish,garnish,,,,,,,,,https://www.tastemade.com/videos/beavertails,,,
53316,Beetroot pancakes,,Dessert,Ukrainian,Ukraine,"step 1
Put the beetroot in a jug with the milk and blend with a stick blender until smooth. Pour into a bowl with the rest of the pancake ingredients and whisk until smooth and vibrant purple.

step 2
Put a small knob of butter in a large non-stick frying pan and heat over a medium-low heat until melted and foamy. Now create 3 or 4 pancakes each made from 2 tbsp of the batter. Cook for 2-3 mins then flip over and cook for a further minute until cooked through. Repeat with any remaining batter. Heat oven to lowest setting and keep the pancakes warm in there until needed.

step 3
Serve with your favourite pancake toppings or make a simple compote by simmering frozen berries in with 1 tbsp blackcurrant jam until bubbling and syrupy (about 5-10 mins). In a small bowl stir together the remaining jam and the yogurt. Stack the cooked pancakes with the yogurt and pour the warm berry compote over the top.",https://www.themealdb.com/images/media/meals/xlqqhw1764369924.jpg,,https://www.youtube.com/watch?v=HzQT0rHKCWM,Beetroot,Milk,Self-raising Flour,Baking Powder,Maple Syrup,Vanilla Extract,Egg,Butter,Frozen Mixed Berries,Blackcurrant Jam,Greek Yogurt,,,,,,,,,,3,50 ml ,200g,1 tsp,2 tablespoons,1/2 teaspoon,3,25g,200g,2 tablespoons,100g , , , , , , , , , ,https://www.bbcgoodfood.com/recipes/beetroot-pancakes,,,2025-11-28 22:44:02
52891,Blackberry Fool,,Dessert,British,United Kingdom,"For the biscuits, preheat the oven to 200C/180C (fan)/Gas 6 and line two large baking trays with baking parchment. Scatter the nuts over a baking tray and roast in the oven for 6-8 minutes, or until golden-brown. Watch them carefully so that they don’t have a chance to burn. Remove from the oven, tip onto a board and leave to cool.
Put the butter and sugar in a large bowl and beat with a wooden spoon until light and creamy. Roughly chop the cooled nuts and add to the creamed butter and sugar, along with the lemon zest, flour and baking powder. Stir well until the mixture comes together and forms a ball – you may need to use your hands.
Divide the biscuit dough into 24 even pieces and roll into small balls. Place the balls the prepared baking trays, spaced well apart to allow for spreading.
Press the biscuits to flatten to around 1cm/½in thick. Bake the biscuits, one tray at a time, for 12 minutes or until very pale golden-brown. Leave to cool on the trays. They will be very soft when you take them out of the oven, but will crisp as they cool.
Store in an airtight tin and eat within five days.
For the fool, rinse the blackberries in a colander to wash away any dust or dirt. Put the blackberries in a non-stick saucepan and sprinkle over the caster sugar.
Stir in the lemon juice and heat gently for two minutes, or until the blackberries begin to soften and release their juices. Remove and reserve 12 blackberries for decoration and continue cooking the rest.
Simmer the blackberries very gently for 15 minutes, stirring regularly until very soft and squidgy. Remove from the heat and press the berries and juice through a sieve over a bowl, using the bottom of a ladle to help you extract as much of the purée as possible. Leave the purée to cool and discard the seeds. You should end up with around 325ml/11fl oz of purée.
Put the cream and yoghurt in a large bowl and whip with an electric whisk until soft peaks form when the whisk is removed from the bowl – the acidity of the fruit will thicken the cream further, so don’t take it too far.
When the purée is completely cold, adjust the sweetness to taste by adding more sugar if needed. Pour it into the bowl with the whipped cream and yoghurt and stir just once or twice until very lightly combined.
Spoon the blackberry fool into individual wide, glass dishes – or one large, single bowl. It should look quite marbled, so don’t over-stir it. Scatter a few tiny mint leaves on top and decorate with the reserved blackberries. Sprinkle with a little sugar if you like and serve with the hazelnut biscuits.",https://www.themealdb.com/images/media/meals/rpvptu1511641092.jpg,"Desert,Summer,Fruity,Dairy",https://www.youtube.com/watch?v=kniRGjDLFrQ,Hazlenuts,Butter,Caster Sugar,Lemon,Plain Flour,Baking Powder,Blackberries,Sugar,Caster Sugar,Lemon Juice,Double Cream,Yogurt,Mint,,,,,,,,50g,125g,150g,Grated,150g,½ tsp,600g,75g,2 tbs,1 tbs,300ml ,100ml,Garnish with,,,,,,,,https://www.bbc.co.uk/food/recipes/blackberry_fool_with_11859,,,
53100,Blueberry & lemon friands,,Dessert,Australian,Australia,"step 1
Preheat the oven to fan 180C/conventional 200C/gas 6. Generously butter six non-stick friand or muffin tins. Melt the butter and set aside to cool.

step 2
Sift the icing sugar and flour into a bowl. Add the almonds and mix everything between your fingers.

step 3
Whisk the egg whites in another bowl until they form a light, floppy foam. Make a well in the centre of the dry ingredients, tip in the egg whites and lemon rind, then lightly stir in the butter to form a soft batter.

step 4
Divide the batter among the tins, a large serving spoon is perfect for this job. Sprinkle a handful of blueberries over each cake and bake for 15-20 minutes until just firm to the touch and golden brown.

step 5
Cool in the tins for 5 minutes, then turn out and cool on a wire rack. To serve, dust lightly with icing sugar.",https://www.themealdb.com/images/media/meals/e756bf1761848342.jpg,,https://www.youtube.com/watch?v=7tq5JvO88E0,Unsalted Butter,Icing Sugar,Flour,Almonds,Egg White,Unwaxed Lemon,Blackberries,,,,,,,,,,,,,,100g ,125g,25g,85g,3,1,85g, , , , , , , , , , , , , ,https://www.bbcgoodfood.com/recipes/blueberry-lemon-friands,,,2025-10-30 15:18:46
53385,Boterkoek (Dutch Butter Cake),,Dessert,Netherlands,Netherlands,"Preheat the oven to 180°C/350˚F (conventional oven).

Place the softened butter and sugar in the bowl of a stand mixer and whisk until creamy.
Add the flour and salt and knead by hand until you have a smooth dough. Divide into two pieces.
Line the base of a square or round cake tin with baking parchment (not a springform tin) and place the first half of the pastry on top. Flatten with your fingers and a spoon.
Using a teaspoon, sprinkle dollops of dulce de leche over the base. Sprinkle with the chopped chocolate and cover with the second half of the pastry.
This is a bit trickier, but if you don’t get it right, don’t worry, it’ll be fine once it’s baked! Brush the pastry with the beaten egg.
Bake in the oven for about 30 minutes or until golden brown. It will be wobbly. That's because butter cake only firms up when it cools.
Cut into small pieces when it has cooled completely!
Notes
Storing: Store in an airtight container outside of the fridge for about 2-3 days or in the fridge for 5 days. Freeze for up to three months.",https://www.themealdb.com/images/media/meals/tkwxmv1777540463.jpg,,https://www.youtube.com/watch?v=IwAfFVjPVl4,Butter,Sugar,All purpose flour,Salt,Dulce de leche,Dark Chocolate,Egg,,,,,,,,,,,,,,200g,200g,250g,1,200g,75g,1 beaten,,,,,,,,,,,,,,https://insimoneskitchen.com/dutch-butter-cake-with-dulce-de-leche/,,,2026-04-30 08:32:48
52792,Bread and Butter Pudding,,Dessert,British,United Kingdom,"Grease a 1 litre/2 pint pie dish with butter.
Cut the crusts off the bread. Spread each slice with on one side with butter, then cut into triangles.
Arrange a layer of bread, buttered-side up, in the bottom of the dish, then add a layer of sultanas. Sprinkle with a little cinnamon, then repeat the layers of bread and sultanas, sprinkling with cinnamon, until you have used up all of the bread. Finish with a layer of bread, then set aside.
Gently warm the milk and cream in a pan over a low heat to scalding point. Don't let it boil.
Crack the eggs into a bowl, add three quarters of the sugar and lightly whisk until pale.
Add the warm milk and cream mixture and stir well, then strain the custard into a bowl.
Pour the custard over the prepared bread layers and sprinkle with nutmeg and the remaining sugar and leave to stand for 30 minutes.
Preheat the oven to 180C/355F/Gas 4.
Place the dish into the oven and bake for 30-40 minutes, or until the custard has set and the top is golden-brown.",https://www.themealdb.com/images/media/meals/xqwwpy1483908697.jpg,"Pudding,Brunch",https://www.youtube.com/watch?v=Vz5W1-BmOE4,butter,bread,sultanas,cinnamon,milk,double cream,eggs,sugar,nutmeg,,,,,,,,,,,,25g/1oz,8 thin slices,50g/2oz,2 tsp,350ml/12fl,50ml/2fl oz,2 free-range,25g/1oz,"grated, to taste",,,,,,,,,,,,https://cooking.nytimes.com/recipes/1018529-coq-au-vin,,,
52961,Budino Di Ricotta,,Dessert,Italian,Italy,"Mash the ricotta and beat well with the egg yolks, stir in the flour, sugar, cinnamon, grated lemon rind and the rum and mix well. You can do this in a food processor. Beat the egg whites until stiff, fold in and pour into a buttered and floured 25cm cake tin. Bake in the oven at 180ºC/160ºC fan/gas 4 for about 40 minutes, or until it is firm.

Serve hot or cold dusted with icing sugar.",https://www.themealdb.com/images/media/meals/1549542877.jpg,"Cake,Baking,Desert,Sweet,Alcoholic,Calorific",https://www.youtube.com/watch?v=6dzd6Ra6sb4,Ricotta,Eggs,Flour,Sugar,Cinnamon,Lemons,Dark Rum,Icing Sugar,,,,,,,,,,,,,500g,4 large,3 tbs,250g,1 tsp ,Grated Zest of 2,5 tbs,sprinking,,,,,,,,,,,,,https://thehappyfoodie.co.uk/recipes/ricotta-cake-budino-di-ricotta,,,
52923,Canadian Butter Tarts,,Dessert,Canadian,Canada,"Preheat the oven to fan 170C/ conventional 190C/gas 5. Roll out the pastry on a lightly floured surface so it’s slightly thinner than straight from the pack. Then cut out 18-20 rounds with a 7.5cm fluted cutter, re-rolling the trimmings. Use the rounds to line two deep 12-hole tart tins (not muffin tins). If you only have a regular-sized, 12-hole tart tin you will be able to make a few more slightly shallower tarts.
Beat the eggs in a large bowl and combine with the rest of the ingredients except the walnuts. Tip this mixture into a pan and stir continuously for 3-4 minutes until the butter melts, and the mixture bubbles and starts to thicken. It should be thick enough to coat the back of a wooden spoon. Don’t overcook, and be sure to stir all the time as the mixture can easily burn. Remove from the heat and stir in the nuts.
Spoon the filling into the unbaked tart shells so it’s level with the pastry. Bake for 15-18 minutes until set and pale golden. Leave in the tin to cool for a few minutes before lifting out on to a wire rack. Serve warm or cold.",https://www.themealdb.com/images/media/meals/wpputp1511812960.jpg,"Speciality,Snack,Desert,Pudding",https://www.youtube.com/watch?v=WUpaOGghOdo,Shortcrust Pastry,Eggs,Muscovado Sugar,Raisins,Vanilla Extract,Butter,Single Cream,Walnuts,,,,,,,,,,,,,375g,2 large,175g,100g ,1 tsp ,50g,4 tsp,50g,,,,,,,,,,,,,https://www.bbcgoodfood.com/recipes/1837/canadian-butter-tarts,,,
53360,Caribbean Tamarind balls,,Dessert,Jamaican,Jamaica,"Add tamarind pulp and 1 cup granulated sugar to a bowl and mash together with a spoon or fork. Take small amounts of the tamarind and sugar mix and shape them into small balls by rolling them in your hands. Make them the size of a marble or slightly bigger, as you like.
Add the remaining sugar to a flat surface, like a plate or a sheet pan. Roll the tamarind balls in granulated sugar until they're well-coated.
You can eat the tamarind balls immediately, or you can let them set for a few hours or overnight. Allowing them to set will give them a firmer texture and more crystallized sugar coating. Enjoy.",https://www.themealdb.com/images/media/meals/z1hz7z1765316430.jpg,,https://www.youtube.com/watch?v=adRA-90CHUE,Tamarind Pulp,Sugar,,,,,,,,,,,,,,,,,,,16 ounces,1 1/2 cups , , , , , , , , , , , , , , , , , , ,https://www.myforkinglife.com/tamarind-balls/#recipe,,,2025-12-09 21:33:01
52897,Carrot Cake,,Dessert,British,United Kingdom,"For the carrot cake, preheat the oven to 160C/325F/Gas 3. Grease and line a 26cm/10in springform cake tin.
Mix all of the ingredients for the carrot cake, except the carrots and walnuts, together in a bowl until well combined. Stir in the carrots and walnuts.
Spoon the mixture into the cake tin and bake for 1 hour 15 minutes, or until a skewer inserted into the middle comes out clean. Remove the cake from the oven and set aside to cool for 10 minutes, then carefully remove the cake from the tin and set aside to cool completely on a cooling rack.
Meanwhile, for the icing, beat the cream cheese, caster sugar and butter together in a bowl until fluffy. Spread the icing over the top of the cake with a palette knife.",https://www.themealdb.com/images/media/meals/vrspxv1511722107.jpg,"Cake,Treat,Sweet",https://www.youtube.com/watch?v=asjZ7iTrGKA,Vegetable Oil,Plain Flour,Bicarbonate Of Soda,Sugar,Eggs,Salt,Cinnamon,Carrots,Walnuts,Cream Cheese,Caster Sugar,Butter,,,,,,,,,450ml,400g,2 tsp,550ml,5,½ tsp,2 tsp,500g grated,150g,200g,150g,100g ,,,,,,,,,https://www.bbc.co.uk/food/recipes/classic_carrot_cake_08513,,,
52976,Cashew Ghoriba Biscuits,,Dessert,Tunisian,Tunisia,"Preheat the oven at 180 C / Gas 4. Line a baking tray with greaseproof paper.
In a bowl, mix the cashews and icing sugar. Add the egg yolks and orange blossom water and mix to a smooth homogeneous paste.
Take lumps of the cashew paste and shape into small balls. Roll the balls in icing sugar and transfer to the baking tray. Push an almond in the centre of each ghribia.
Bake until the biscuits are lightly golden, about 20 minutes. Keep an eye on them, they burn quickly.",https://www.themealdb.com/images/media/meals/t3r3ka1560461972.jpg,,https://www.youtube.com/watch?v=IqXEZUk4hWI,Cashew Nuts,Icing Sugar,Egg Yolks,Orange Blossom Water,Icing Sugar,Almonds,,,,,,,,,,,,,,,250g,100g ,2,2 tbs,To Glaze,100g , , , , , , , , , , , , , , ,http://allrecipes.co.uk/recipe/40152/cashew-ghoriba-biscuits.aspx,,,
52898,Chelsea Buns,,Dessert,British,United Kingdom,"Sift the flour and salt into a large bowl. Make a well in the middle and add the yeast.
Meanwhile, warm the milk and butter in a saucepan until the butter melts and the mixture is lukewarm.
Add the milk mixture and egg to the flour mixture and stir until the contents of the bowl come together as a soft dough. (You may need to add a little extra flour.)
Tip the dough onto a generously floured work surface. Knead for five minutes, adding more flour if necessary, until the dough is smooth and elastic and no longer feels sticky.
Lightly oil a bowl with a little of the vegetable oil. Place the dough into the bowl and turn until it is covered in the oil. Cover the bowl with cling film and set aside in a warm place for one hour, or until the dough has doubled in size.
Lightly grease a baking tray.
For the filling, knock the dough back to its original size and turn out onto a lightly floured work surface. Roll the dough out into a rectangle 0.5cm/¼in thick. Brush all over with the melted butter, then sprinkle over the brown sugar, cinnamon and dried fruit.
Roll the dough up into a tight cylinder , cut ten 4cm/1½in slice and place them onto a lightly greased baking sheet, leaving a little space between each slice. Cover with a tea towel and set aside to rise for 30 minutes.
Preheat oven to 190C/375F/Gas 5.
Bake the buns in the oven for 20-25 minutes, or until risen and golden-brown.
Meanwhile, for the glaze, heat the milk and sugar in a saucepan until boiling. Reduce the heat and simmer for 2-3 minutes.
Remove the buns from the oven and brush with the glaze, then set aside to cool on a wire rack.",https://www.themealdb.com/images/media/meals/vqpwrv1511723001.jpg,"Bun,Baking,Treat",https://www.youtube.com/watch?v=i_zemP3yBKw,White Flour,Salt,Yeast,Milk,Butter,Eggs,Vegetable Oil,Butter,Brown Sugar,Cinnamon,Dried Fruit,Milk,Caster Sugar,,,,,,,,500g,1 tsp ,7g,300ml ,40g,1,Dash,25g,75g,2 tsp,150g,2 tbs,2 tbs,,,,,,,,https://www.bbc.co.uk/food/recipes/chelsea_buns_95015,,,
52910,Chinon Apple Tarts,,Dessert,France,France,"To make the red wine jelly, put the red wine, jam sugar, star anise, clove, cinnamon stick, allspice, split vanilla pod and seeds in a medium saucepan. Stir together, then heat gently to dissolve the sugar. Turn up the heat and boil for 20 mins until reduced and syrupy. Strain into a small, sterilised jam jar and leave to cool completely. Will keep in the fridge for up to 1 month.

Take the pastry out of the fridge and leave at room temperature for 10 mins, then unroll. Heat the grill to high and heat the oven to 180C/160C fan/gas 4. Cut out 2 x 13cm circles of pastry, using a plate as a guide, and place on a non-stick baking sheet. Sprinkle each circle with 1 tbsp sugar and grill for 5 mins to caramelise, watching carefully so that the sugar doesn’t burn. Remove from the grill. Can be done a few hours ahead, and left, covered, out of the fridge.

Peel, quarter and core the apples, cut into 2mm-thin slices and arrange on top of the pastry. Sprinkle over the remaining sugar and pop in the oven for 20-25 mins until the pastry is cooked through and golden, and the apples are softened. Remove and allow to cool slightly. Warm 3 tbsp of the red wine jelly in a small pan over a low heat with 1 tsp water to make it a little more runny, then brush over the top of the tarts.

Tip the crème fraîche into a bowl, sift over the icing sugar and cardamom, and mix together. Carefully lift the warm tarts onto serving plates and serve with the cardamom crème fraîche.",https://www.themealdb.com/images/media/meals/qtqwwu1511792650.jpg,"Tart,Baking",https://www.youtube.com/watch?v=5dAW9HQgtCk,Puff Pastry,Dark Brown Soft Sugar,Braeburn Apples,Red Wine Jelly,Creme Fraiche,Icing Sugar,Cardamom,,,,,,,,,,,,,,320g,4 tbs,3,4 tbs,100ml,1 tbs,3,,,,,,,,,,,,,,https://www.bbcgoodfood.com/recipes/chinon-apple-tarts,,,
52856,Choc Chip Pecan Pie,,Dessert,United States,United States,"First, make the pastry. Tip the ingredients into a food processor with 1 /4 tsp salt. Blend until the mixture resembles breadcrumbs. Drizzle 2-3 tsp cold water into the funnel while the blade is running – the mixture should start to clump together. Tip onto a work surface and bring together, kneading briefly into a ball. Pat into a disc, wrap in cling film, and chill for at least 20 mins. Heat oven to 200C/180C fan/gas 6.

Remove the pastry from the fridge and leave at room temperature for 5 mins to soften. Flour the work surface, then unwrap the pastry and roll to a circle the thickness of a £1 coin. Use the pastry to line a deep, 23cm round fluted tin – mine was about 3cm deep. Press the pastry into the corners and up the sides, making sure there are no gaps. Leave 1cm pastry overhanging (save some of the pastry scraps for later). Line with baking parchment (scrunch it up first to make it more pliable) and fill with baking beans. Blind-bake for 15-20 mins until the sides are set, then remove the parchment and beans and return to the oven for 5 mins until golden brown. Trim the pastry so it’s flush with the top of the tin – a small serrated knife is best for this. If there are any cracks, patch them up with the pastry scraps.

Meanwhile, weigh the butter, syrup and sugars into a pan, and add 1 /4 tsp salt. Heat until the butter has melted and the sugar dissolved, stirring until smooth. Remove from the heat and cool for 10 mins. Reduce oven to 160C/140C fan/gas 3.

Beat the eggs in a bowl. Add the syrup mixture, vanilla and pecans, and mix until well combined. Pour half the mixture into the tart case, scatter over half the chocolate chips, then cover with the remaining filling and chocolate chips. Bake on the middle shelf for 50-55 mins until set. Remove from the oven and leave to cool, then chill for at least 2 hrs before serving.",https://www.themealdb.com/images/media/meals/rqvwxt1511384809.jpg,"Pie,Desert,Sweet,Nutty",https://www.youtube.com/watch?v=fDpoT0jvg4Y,Plain Flour,Butter,Cream Cheese,Icing Sugar,Butter,Maple Syrup,Light Brown Soft Sugar,Dark Brown Soft Sugar,Eggs,Vanilla Extract,Pecan Nuts,Dark Chocolate Chips,,,,,,,,,300g,75g,100g ,1 tbls,150g,200ml,250g,100g ,4,1 tsp ,400g,200g,,,,,,,,,https://www.bbcgoodfood.com/recipes/choc-chip-pecan-pie,,,
53320,Chocolate alfajores,,Dessert,Uruguayan,Uruguay,"For the cookies cream the butter with the sugar for a few minutes. Then add the egg and honey and mix well. Add flour, cornstarch, cocoa, baking soda and baking powder and mix until you get a dough. Wrap in plastic wrap and chill for at least half an hour or overnight.

2
Line two baking sheets with parchment paper, preheat oven to 200 degrees Celsius.

3
Divide dough into two parts, put one part back in the fridge before using. Roll out second part to about 2 millimeters and cut out round cookies with 5-6 centimeters in diameter. This can be done with a cookie cutter or glass. You should get 30 cookies in total or even more, I get about 40. Bake one baking sheet at the time for about 8-10min. Let cookies cool.

4
For the filling look for two cookies of the same size and place about one teaspoon of dulce de leche onto the bottom one before sandwiching together.

5
Chop semi-sweet chocolate and melt with butter and orange zest on low heat. Dunk each sandwich cookie into the chocolate and let cool off on parchment paper before serving.",https://www.themealdb.com/images/media/meals/k9o0xr1764373018.jpg,,https://www.youtube.com/watch?v=ucBoYab5tXY,Butter,Sugar,Egg,Honey,All purpose flour,Cornstarch,Unsweetened Cocoa,Baking Powder,Baking Powder,Dulce de leche,Milk Chocolate,Butter,Orange,,,,,,,,150g,70g,1,25g,175g,80g,30g,1 tsp,1 tsp,400g,500g,100g ,Zest of 1, , , , , , , ,https://jennyisbaking.com/2018/07/02/alfajores-the-best-cookies-from-uruguay/#recipe,,,2025-11-28 23:34:22
52853,Chocolate Avocado Mousse,,Dessert,British,United Kingdom,"1. Blend all the mousse ingredients together in your food processor until smooth. Add the cacao powder first and, as you blend, have all the ingredients to hand in order to adjust the ratios slightly as the size of avocados and bananas varies so much. The perfect ratio in order to avoid the dish tasting too much of either is to use equal amounts of both.

2. Taste and add a few drops of stevia if you feel you need more sweetness.

3. Fill little cups or shot glasses with the mousse, sprinkle with the cacao powder or nibs and serve.

Tip If you don’t have a frozen banana to hand you can just use a normal one and then chill the mousse before serving for a cooling dessert.",https://www.themealdb.com/images/media/meals/uttuxy1511382180.jpg,,https://www.youtube.com/watch?v=wuZffe60q4M,Banana,Cacao,Avocado,Honey,Lemon Juice,Vanilla,Water,Sea Salt,,,,,,,,,,,,,1,3 tbsp,1,2 tblsp ,1 tsp ,1 tsp ,2 tbsp,pinch,,,,,,,,,,,,,http://www.hemsleyandhemsley.com/recipe/chocolate-avocado-mousse/,,,
52966,Chocolate Caramel Crispy,,Dessert,British,United Kingdom,"Grease and line a 20 x 20cm/8"" x 8"" baking tin with parchment paper.
Put the mars bars and butter in a heat proof bowl and place over a pan of barely simmering water. Mixing with a whisk, melt until the mixture is smooth.
Pour over the rice krispies in a mixing bowl and mix until all the ingredients are evenly combined. Press evenly into the prepare baking tin and set aside.
Melt the milk chocolate in the microwave or over a pan of barely simmering water.
Spread the melted chocolate over the rice krispie mixture and leave to set in a cool place. Once set slice into squares and serve!",https://www.themealdb.com/images/media/meals/1550442508.jpg,"Sweet,Snack,Treat,Tart,Alcoholic,BBQ",https://www.youtube.com/watch?v=qsk_At_gjv0,Mars Bar,Butter,Rice Krispies,Milk Chocolate,,,,,,,,,,,,,,,,,6 chopped,150g,120g,150g, , , , , , , , , , , , , , , , ,http://www.donalskehan.com/recipes/chocolate-caramel-rice-crispy-treats/,,,
53170,Chocolate churros with chocolate & salted caramel sauce,,Dessert,Spanish,Spain,"step 1
To make the sauce, tip the sugar and butter into a saucepan and bring to a simmer until the sugar has melted, then stir in the cream and simmer until you have a smooth sauce, about 2-3 mins. Remove from the heat, stir through a pinch of sea salt and the chocolate, and continue to stir for 2-3 mins, or until it has completely melted. Keep warm or leave to cool for reheating later. For the coating, mix the sugar with the cinnamon and a small pinch of fine sea salt and set aside.

step 2
For the churros, tip the flour, cocoa, baking powder and a large pinch of salt into a bowl. Add the vanilla extract and melted butter, then carefully pour in 250-300ml boiling water and whisk to make a smooth, very thick batter. Leave to cool for a few minutes, then scrape the mixture into a piping bag fitted with a medium star nozzle.

step 3
Tip sunflower oil into a deep-fat fryer following the manufacturer’s instructions, or a heavy-based pan, ensuring it is no more than a third full. Heat to 170C, or until a cube of bread dropped in browns in 30 seconds. Pipe 12-15cm lengths of dough into the oil, snipping off the end of each one with a pair of scissors as you go. Pipe four or five at a time and cook for around 4 mins, or until golden and crisp, turning them with tongs or a slotted spoon as they cook. Remove from the oil and place on a wire rack. Repeat with the rest of the dough. Leave to cool if reheating later, otherwise roll the churros in the cinnamon sugar and serve immediately with the warm chocolate sauce and ice cream. To reheat the churros, put on a tray and bake for 5-8 mins, then roll in the sugar coating. Meanwhile, warm the sauce in a pan and serve alongside for dipping.",https://www.themealdb.com/images/media/meals/erzs951763296201.jpg,,https://www.youtube.com/watch?v=J45Y5olZCuo,Sunflower Oil,Ice Cream,Muscovado Sugar,Butter,Double Cream,Dark Chocolate,Golden Caster Sugar,Cinnamon,Plain Flour,Cocoa Powder,Baking Powder,Vanilla Extract,Melted Butter,,,,,,,,For frying,To serve,120g,60g,250ml,100g ,100g ,2 teaspoon,200g,50g,1 teaspoon,1 teaspoon,50g, , , , , , , ,https://www.bbcgoodfood.com/recipes/chocolate-churros-with-chocolate-salted-caramel-sauce,,,2025-11-16 12:26:37
53101,Chocolate Coconut Squares,,Dessert,Australian,Australia,"step 1
Heat oven to 180C/fan 160C/gas 4. Butter and line the base of a 20cm square baking tin. Beat together the butter and sugar until pale and creamy, then beat in the eggs. Add 1 tbsp of the flour if the mix starts to curdle.

step 2
Sieve in the flour, baking powder and cocoa and fold in with a metal spoon. Stir in the milk. Scrape mix into the tin and level the top. Bake for 18-20 mins or until the cake springs back when pressed. Allow to cool in the tin.

step 3
To make the icing, put the chocolate, butter and 4 tbsp water in a pan and gently heat until melted. Allow to cool slightly, then beat in the icing sugar.

step 4
Remove cake from tin and peel away paper. Cut into 16 squares. Dip the squares into the icing, then roll in the coconut. Allow to set on cooling rack.",https://www.themealdb.com/images/media/meals/8oupz51761848432.jpg,,https://www.youtube.com/watch?v=8TzqUo8PCLg,Butter,Caster Sugar,Egg,Self-raising Flour,Baking Powder,Cocoa Powder,Milk,Plain Chocolate,Butter,Icing Sugar,Desiccated Coconut,,,,,,,,,,100g ,100g ,2,140g,1 teaspoon,2 tablespoons,2 tablespoons,100g ,25g,100g ,100g , , , , , , , , , ,https://www.bbcgoodfood.com/recipes/isaacs-chocolate-coconut-squares,,,2025-10-30 15:34:00
53324,Chocolate empanadas,,Dessert,Uruguayan,Uruguay,"For the filling place the can in a large pot and cover completely with water. Boil for two and a half hours, occassionally adding water. Let cool before opening. For further tips, please check here.

2
For the dough combine the flour, cocoa powder, and salt in a large bowl. Add the cold butter in small pieces and rub into crumbs with your fingers Add the egg and work into a dough. You may have to add milk, a tablespoon at a time if it still is to dry. Wrap and chill for at least half an hour or overnight.

3
Line a baking sheeet with parchment paper and preheat the oven to 180 degrees Celsius.

4
Roll out the dough on a lightly floured surface, it should be thin. Cut out circles of 12cm either with a cookie cutter or with a smaller plate/dish. Put two to three teaspoons of the dulce de leche in the middle of each circle. Brush the edges with milk, I do this with my pinkie. Fold each circle in half so that you have a half moon and press down the edges with a fork. You can also turn the edges about half a centimeter inwards every centimeter or so to create a pattern.

5
Place the prepared empanadas on the baking sheet and brush with egg wash. Bake for about 20-25min.

6
Towards the end of the baking time, melt the remaining butter and mix the sugar and cinnamon in a small bowl. Once you take the empanadas out, immediately brush with the butter and sprinkle with the sugar mix. Empanadas can be enjoyed either still warm or cold. If eating warm, be careful not to burn yourself with hot filling!",https://www.themealdb.com/images/media/meals/u9ezi21764375474.jpg,,https://www.youtube.com/watch?v=Cdo14aXSHrA,Condensed Milk,All purpose flour,Unsweetened Cocoa,Salt,Butter,Egg,Milk,Butter,Sugar,Cinnamon,,,,,,,,,,,400g,250g,25g,Pinch,125g,1,3  tablespoons,30g,30g,1 tsp, , , , , , , , , , ,https://jennyisbaking.com/2020/05/01/chocolate-empanadas-with-dulce-de-leche/,,,2025-11-29 00:16:27
52776,Chocolate Gateau,,Dessert,France,France,"Preheat the oven to 180°C/350°F/Gas Mark 4. Grease and line the base of an 8 in round spring form cake tin with baking parchment
Break the chocolate into a heatproof bowl and place over a saucepan of gently simmering water and stir until it melts. (or melt in the microwave for 2-3 mins stirring occasionally)
Place the butter and sugar in a mixing bowl and cream together with a wooden spoon until light and fluffy. Gradually beat in the eggs, adding a little flour if the mixture begins to curdle. Fold in the remaining flour with the cooled, melted chocolate and milk. Mix until smooth.
Spread the mixture into the cake tin and bake for 50-55 mins or until firm in the centre and a skewer comes out cleanly. Cool for 10 minutes, then turn out and cool completely.",https://www.themealdb.com/images/media/meals/tqtywx1468317395.jpg,"Cake,Chocolate,Desert,Pudding",https://www.youtube.com/watch?v=dsJtgmAhFF4,Plain chocolate,Butter,Milk,Eggs,Granulated Sugar,Flour,,,,,,,,,,,,,,,250g,175g,2 tablespoons,5,175g,125g,,,,,,,,,,,,,,,http://www.goodtoknow.co.uk/recipes/536028/chocolate-gateau,,,
52860,Chocolate Raspberry Brownies,,Dessert,United States,United States,"Heat oven to 180C/160C fan/gas 4. Line a 20 x 30cm baking tray tin with baking parchment. Put the chocolate, butter and sugar in a pan and gently melt, stirring occasionally with a wooden spoon. Remove from the heat.
Stir the eggs, one by one, into the melted chocolate mixture. Sieve over the flour and cocoa, and stir in. Stir in half the raspberries, scrape into the tray, then scatter over the remaining raspberries. Bake on the middle shelf for 30 mins or, if you prefer a firmer texture, for 5 mins more. Cool before slicing into squares. Store in an airtight container for up to 3 days.",https://www.themealdb.com/images/media/meals/yypvst1511386427.jpg,"Chocolate,Desert,Snack",https://www.youtube.com/watch?v=Pi89PqsAaAg,Dark Chocolate,Milk Chocolate,Salted Butter,Light Brown Soft Sugar,Eggs,Plain Flour,Cocoa,Raspberries,,,,,,,,,,,,,200g,100g ,250g,400g,4 large,140g,50g,200g,,,,,,,,,,,,,https://www.bbcgoodfood.com/recipes/2121648/bestever-chocolate-raspberry-brownies,,,
52905,Chocolate Souffle,,Dessert,France,France,"Heat oven to 220C/fan 200C/gas 7 and place a baking tray on the top shelf. For the sauce, heat the cream and sugar until boiling. Remove from the heat, stir in the chocolate and butter until melted, then keep warm.
Brush 6 x 150ml ramekins with melted butter, sprinkle with the 2 tbsp caster sugar, then tip out any excess. Melt the chocolate and cream in a bowl over a pan of simmering water, cool, then mix in the egg yolks. Whisk the egg whites until they hold their shape, then add the sugar, 1 tbsp at a time, whisking back to the same consistency. Mix a spoonful into the chocolate, then gently fold in the rest.
Working quickly, fill the ramekins, wipe the rims clean and run your thumb around the edges. Turn oven down to 200C/fan 180C/gas 6, place the ramekins onto the baking tray, then bake for 8-10 mins until risen with a slight wobble. Don’t open the oven door too early as this may make them collapse.
Once the soufflés are ready, dust with icing sugar, scoop a small hole from their tops, then pour in some of the hot chocolate sauce. Replace the lids and serve straight away.",https://www.themealdb.com/images/media/meals/twspvx1511784937.jpg,"DinnerParty,Desert,Pudding,Chocolate",https://www.youtube.com/watch?v=FWqfkUEWOTg,Single Cream,Caster Sugar,Dark Chocolate,Butter,Butter,Caster Sugar,Dark Chocolate,Double Cream,Egg Yolks,Egg White,Double Cream,Icing Sugar,,,,,,,,,142ml,25g,100g ,25g,drizzle,50g,175g,2 tbs,4,5,2 tbs,to serve,,,,,,,,,https://www.bbcgoodfood.com/recipes/5816/hot-chocolate-souffls-with-chocolate-cream-sauce,,,
52990,Christmas cake,,Dessert,British,United Kingdom,"Heat oven to 160C/fan 140C/gas 3. Line the base and sides of a 20 cm round, 7.5 cm deep cake tin. Beat the butter and sugar with an electric hand mixer for 1-2 mins until very creamy and pale in colour, scraping down the sides of the bowl half way through. Stir in a spoonful of the flour, then stir in the beaten egg and the rest of the flour alternately, a quarter at a time, beating well each time with a wooden spoon. Stir in the almonds.

Mix in the sherry (the mix will look curdled), then add the peel, cherries, raisins, cherries, nuts, lemon zest, spice, rosewater and vanilla. Beat together to mix, then stir in the baking powder.

Spoon mixture into the tin and smooth the top, making a slight dip in the centre. Bake for 30 mins, then lower temperature to 150C/fan 130C/gas 2 and bake a further 2-2¼ hrs, until a skewer insterted in the middle comes out clean. Leave to cool in the tin, then take out of the tin and peel off the lining paper. When completely cold, wrap well in cling film and foil to store until ready to decorate. The cake will keep for several months.",https://www.themealdb.com/images/media/meals/ldnrm91576791881.jpg,Christmas,https://www.youtube.com/watch?v=34yeL8TstO0,Butter,Muscovado Sugar,Plain Flour,Eggs,Ground Almonds,Sherry,Candied Peel,Glace Cherry,Raisins,Currants,Pecan Nuts,Lemon,Mixed Spice,Rose water,Vanilla Extract,Baking Powder,,,,,200g,200g,200g,4 Beaten,50g,100ml,85g,85g,250g,250g,100g ,Grated zest of 1,1 ½ tbsp,1 ½ tbsp,1/2 tsp,1/2 tsp, , , , ,https://www.bbcgoodfood.com/recipes/angela-nilsens-christmas-cake,,,
52788,Christmas Pudding Flapjack,,Dessert,British,United Kingdom,"Preheat the oven to 180°C/fan 160°C/gas mark 4 and grease and line a 25cm x 20cm tin. Melt the butter, sugar, syrup and orange zest in a large saucepan over a medium heat. The aim is to dissolve all the ingredients so that they are smooth, but to not lose any volume through boiling so be careful not to overheat.

Add the oats and stir well until evenly coated. Stir through the leftover Christmas pudding and tip into the prepared tin. Use a spoon to flatten the top and bake for 40 minutes until the edges start to brown. Whilst still warm in the tin, score into 12 squares. Allow to cool completely before cutting along the scores.

Keeps for 5 days in an air tight tin or freeze for up to 1 month.",https://www.themealdb.com/images/media/meals/vvusxs1483907034.jpg,"Snack,Cake",https://www.youtube.com/watch?v=OaqvGvEiwzU,salted butter,dark soft brown sugar,golden syrup,orange,rolled oats,Christmas pudding,,,,,,,,,,,,,,,250g,225g,150g,Zest of 1,500g,250g,,,,,,,,,,,,,,,,,,
52989,Christmas Pudding Trifle,,Dessert,British,United Kingdom,"Peel the oranges using a sharp knife, ensuring all the pith is removed. Slice as thinly as possible and arrange over a dinner plate. Sprinkle with the demerara sugar followed by the Grand Marnier and set aside.

Crumble the Christmas pudding into large pieces and scatter over the bottom of a trifle bowl. Lift the oranges onto the pudding in a layer and pour over any juices.

Beat the mascarpone until smooth, then stir in the custard. Spoon the mixture over the top of the oranges.

Lightly whip the cream and spoon over the custard. Sprinkle with the flaked almonds and grated chocolate. You can make this a day in advance if you like, chill until ready to serve.",https://www.themealdb.com/images/media/meals/r33cud1576791081.jpg,Christmas,https://www.youtube.com/watch?v=jRfyNQs5qhU,Orange,Demerara Sugar,Grand Marnier,Christmas Pudding,Custard,Mascarpone,Double Cream,Flaked Almonds,Dark Chocolate,,,,,,,,,,,,3,1 tbs,2 tbs,300g,500g,250g,284ml,Handful,Grated, , , , , , , , , , , ,https://www.bbcgoodfood.com/recipes/1826685/christmas-pudding-trifle,,,
53153,Churros,,Dessert,Spanish,Spain,"step 1
Boil the kettle, then measure 300ml boiling water into a jug and add the melted butter and vanilla extract. Sift the flour and baking powder into a big mixing bowl with a big pinch of salt. Make a well in the centre, then pour in the contents of the jug and very quickly beat into the flour with a wooden spoon until lump-free. Rest for 10-15 mins while you make the sauce.

step 2
Put all the sauce ingredients into a pan and gently melt together, stirring occasionally until you have a smooth shiny sauce. Keep warm on a low heat.

step 3
Fill a large deep saucepan one-third full of oil. Cooking with hot oil can be dangerous – before you start, read up on how to deep-fry safely to avoid accidents in the kitchen. Heat until a cube of bread browns in 45 seconds to 1 min. Cover a tray with kitchen paper and mix the caster sugar and cinnamon together.

step 4
Fit a star nozzle to a piping bag – 1.5-2cm wide is a good size. Fill with the rested dough, then pipe 2-3 strips directly into the pan, snipping off each dough strip with a pair of kitchen scissors. Fry until golden brown and crisp. Be very careful here – if air bubbles form in the churros they can explode, especially if the oil overheats or you use old flour. Cooking with hot oil can be dangerous – before you start, read up on how to deep-fry safely to avoid accidents in the kitchen. Keep children out of the kitchen and protect yourself by wearing long sleeves and eye protection, and keeping your face away from the pan.

step 5
Once the churros are crisp and golden brown, remove them from the oil with a slotted spoon and drain on the kitchen paper-lined tray. Carry on cooking the rest of the dough in batches, sprinkling the cooked churros with some cinnamon sugar as you go. When you’ve cooked all the churros, toss with any remaining cinnamon sugar and serve with the chocolate sauce, for dipping.
To see a video of how to prepare churros, take a look at our churros ice cream sandwich recipe.",https://www.themealdb.com/images/media/meals/nxnny61763250596.jpg,,https://www.youtube.com/watch?v=453mpKHVaBs,Butter,Vanilla Extract,Plain Flour,Baking Powder,Sunflower Oil,Bread,Dark Chocolate,Double Cream,Milk,Golden Syrup,Vanilla Extract,Caster Sugar,Cinnamon,,,,,,,,50g,1/2 teaspoon,250g,1 teaspoon,1 L ,2 chopped,200g,100 ml ,100 ml ,3  tablespoons,1/2 teaspoon,100g ,2 teaspoon, , , , , , , ,https://www.bbcgoodfood.com/recipes/churros-chocolate-dipping-sauce,,,2025-11-15 23:26:44
53116,Cinnamon buns,,Dessert,Norway,Norway,"In a small saucepan heat the butter, milk and salt until the butter is melted. Allow the mixture to cool until it is lukewarm.

In a large bowl, stir together the flours, yeast, cardamom and sugar until combined.

Make a well in the centre and crack in the eggs. Pour in the lukewarm milk mixture and stir everything together to form a sticky dough. You may have to use your hands as the dough becomes stiffer.

Oil the work surface with a teaspoon of olive oil. Turn the dough out onto the oiled surface and knead vigorously for 5–8 minutes, using a plastic scraper as needed to prise the dough from the work surface. Don’t be tempted to add flour, as this will make the buns dry and tough. Keep kneading until the dough is considerably less sticky, smoother and more elastic.

Shape into a ball, and put into a large, greased bowl. Cover the bowl with a clean tea towel and set aside in a warm place to prove for an hour, or until doubled in size.

Meanwhile, for the filling and topping, mix the softened butter in a bowl with half the sugar and 1 tablespoon cinnamon. Use a fork to mix the sugar and spice into the butter until it is completely combined.

Mix the remaining sugar and cinnamon in a separate bowl and set aside.

When the dough has risen, turn out onto a floured work surface and gently roll out into a 36x24cm/14x9½in rectangle. Spread the cinnamon-sugar-butter evenly over the dough with a table or palette knife.

With the longest edge closest to you, roll the dough up into a cylinder. Cut into 12 even slices.

Place each slice onto a flattened out paper cupcake case on a baking tray, or into a greased muffin tin. (Baking in a muffin tin will make your cinnamon buns taller and domed.)

Cover with a clean tea towel and set aside to prove again for 30–45 minutes, or until risen.

Preheat the oven to 200C/180C Fan/Gas 6.

Brush the tops of the buns with beaten egg and dust liberally with the cinnamon sugar. Bake for 12 minutes until the buns are dark golden-brown. Enjoy warm with a cup of coffee.",https://www.themealdb.com/images/media/meals/as88dq1762772486.jpg,,https://www.youtube.com/watch?v=wNiyp89pTi0,Unsalted Butter,Milk,Salt,Flour,Strong White Flour,Fast action yeast,Cardamom,Caster Sugar,Egg,Olive Oil,Unsalted Butter,Caster Sugar,Cinnamon,Egg,,,,,,,100g ,200ml,1 teaspoon,250g,250g,1 1/2 tsp ,1 teaspoon,1 tblsp ,2,Dash,75g,100g ,2 tbsp,1, , , , , , ,https://www.bbc.co.uk/food/recipes/cinnamon_buns_10634,,,2025-11-05 19:42:00
52988,Classic Christmas pudding,,Dessert,British,United Kingdom,"Get everything for the pudding prepared. Chop the almonds coarsely. Peel, core and chop the cooking apples. Sharpen your knife and chop the candied peel. (You can chop the almonds and apples in a food processor, but the peel must be done by hand.) Grate three quarters of the nutmeg (sounds a lot but it's correct).

Mix the almonds, apples, candied peel, nutmeg, raisins, flour, breadcrumbs, light muscovado sugar, eggs and 2 tbsp brandy or cognac in a large bowl.

Holding the butter in its wrapper, grate a quarter of it into the bowl, then stir everything together. Repeat until all the butter is grated, then stir for 3-4 mins – the mixture is ready when it subsides slightly after each stir. Ask the family to stir too, and get everyone to make a wish.

Generously butter two 1.2 litre bowls and put a circle of baking parchment in the bottom of each. Pack in the pudding mixture. Cover with a double layer of baking parchment, pleating it to allow for expansion, then tie with string (keep the paper in place with a rubber band while tying). Trim off any excess paper.

Now stand each bowl on a large sheet of foil and bring the edges up over the top, then put another sheet of foil over the top and bring it down underneath to make a double package (this makes the puddings watertight). Tie with more string, and make a handle for easy lifting in and out of the pan. Watch our video to see how to tie up a pudding correctly.

Boil or oven steam the puddings for 8 hrs, topping up with water as necessary. Remove from the pans and leave to cool overnight. When cold, discard the messy wrappings and re-wrap in new baking parchment, foil and string. Store in a cool, dry place until Christmas.

To make the brandy butter, cream the butter with the orange zest and icing sugar. Gradually beat in the brandy or cognac and chopped stem ginger. Put in a small bowl, fork the top attractively and put in the fridge to set. The butter will keep for a week in the fridge, or it can be frozen for up to six weeks.

On Christmas Day, boil or oven steam for 1 hr. Unwrap and turn out. To flame, warm 3-4 tbsp brandy in a small pan, pour it over the pudding and set light to it.",https://www.themealdb.com/images/media/meals/1d85821576790598.jpg,Christmas,https://www.youtube.com/watch?v=Pb_lJxL1vtk,Almonds,Bramley Apples,Candied Peel,Nutmeg,Raisins,Plain Flour,Breadcrumbs,Muscovado Sugar,Eggs,Brandy,Butter,,,,,,,,,,50g,2 large,200g,1 whole,1kg,140g,100g ,100g ,3 Large,2 tbs,250g, , , , , , , , , ,https://www.bbcgoodfood.com/recipes/classic-christmas-pudding,,,
53291,Cornes de Gazelle (Gazelle Horns),,Dessert,Algerian,Algeria,"Preheat oven to 300 degrees F (150 degrees C). Line a baking sheet with parchment paper. Spread almonds over the baking sheet.

Bake in the preheated oven until almonds are fragrant and roasted, 20 to 25 minutes.

Prepare pastry dough while almonds are roasting. Combine flour, 1/2 cup plus 1 tablespoon butter, and salt in a bowl and rub together until the mixture resembles breadcrumbs. Add egg, oil, and 1 1/2 tablespoons orange blossom water; knead everything into a smooth pastry dough. Add a little water, 1 teaspoon at a time, if dough is too dry. Shape pastry dough into a ball, wrap in plastic wrap, and set aside for 30 minutes.

Remove almonds from oven and cool slightly, about 5 minutes. Place almonds in the bowl of a food processor; process until finely and evenly ground. Add 3/4 cup plus 1 tablespoon sugar, cinnamon, egg, and 1 tablespoon orange blossom water in that order to the food processor, pulsing after each addition until mixture is evenly combined and resembles a paste.

Remove small walnut-sized portions of filling with greased hands. Roll them into small logs with thin ends. Set aside.

Preheat oven to 325 degrees F (165 degrees C). Line a baking sheet with parchment paper.

Roll out half of the pastry dough on a lightly floured surface until very thin. Place one of the almond paste logs on the edge of the pastry, fold pastry over the filling, covering it completely, and seal the edges. Mold with your fingers into a crescent shape. Using a pastry cutter, cut around the crescent, and transfer to the prepared baking sheet. Repeat with remaining dough and filling.

Bake in the preheated oven until gazelle horns are lightly golden and baked through, about 20 minutes. They should not get too dark. Let cool slightly, about 3 minutes.

Heat honey in a small saucepan over low-medium heat. Remove from heat and stir in 1 tablespoon orange blossom water. Dip gazelle horns into the honey and place on a serving plate. Sprinkle with crushed pistachios.",https://www.themealdb.com/images/media/meals/0h1b7m1764120235.jpg,,https://www.youtube.com/watch?v=KVnfEBh-rUk,Almonds,Sugar,Sugar,Ground Cinnamon,Egg,Orange Blossom Water,All purpose flour,Unsalted Butter,Salt,Egg,Vegetable Oil,Orange Blossom Water,Pistachio,,,,,,,,2 cups,3/4 cup,1 tablespoon,1/4 tsp,1,1 tablespoon,2 cups,1/2 cup,1 pinch,1 beaten,3  tablespoons,1 ½ tbsp,3  tablespoons, , , , , , , ,https://www.allrecipes.com/recipe/262056/cornes-de-gazelle-gazelle-horns/,,,2025-11-26 01:22:01
53148,Crema Catalana,,Dessert,Spanish,Spain,"step 1
Put the milk, cream, cinnamon stick and all the citrus zest in a saucepan set over a medium heat. Cook, stirring often, until the milk is just steaming but not boiling, about 3-5 mins. Remove from the heat, cover with a plate and leave to infuse for at least 30 mins.

step 2
When the cream mixture has infused, whisk the egg yolks, sugar and cornflour together in a separate bowl for 3-5 mins, or until light and pale in colour. Pour the infused milk through a sieve into the egg mixture, whisking continuously. Return the mixture to the saucepan.

step 3
Put the saucepan over a medium-high heat and whisk for around 10-12 mins. The mixture should start thickening to a custard-like consistency – you can tell it’s ready by dipping a wooden spoon in the mixture, then running a finger through the mixture on the back of the spoon. If the line holds, it's ready. Sieve the mixture into a jug to remove any froth.

step 4
Divide the custard between six 150ml ramekins or small terracotta dishes, then leave to cool for 1 hr at room temperature until set with a slight wobble. Chill overnight.

step 5
Just before serving, sprinkle 1 tbsp caster sugar over the top of each ramekin and caramelise using a kitchen blowtorch. Alternatively, slide the ramekins under a hot grill until the sugar turns golden and starts to bubble. Serve straightaway.",https://www.themealdb.com/images/media/meals/x73ll91763247842.jpg,,https://www.youtube.com/watch?v=5aw5Ba0PCa0,Milk,Double Cream,Cinnamon Stick,Orange Zest,Lemon Zest,Egg Yolks,Caster Sugar,Caster Sugar,Corn Flour,,,,,,,,,,,,400ml,150ml,1,1,1,7,100g ,6 tablespoons,45g, , , , , , , , , , , ,https://www.bbcgoodfood.com/recipes/crema-catalana,,,2025-11-15 21:59:37
53338,Date squares,,Dessert,Canadian,Canada,"Preheat oven to 350°F (180°C). Grease an 8-inch (20 cm) square baking pan.
To make the date filing: Combine the dates and water in a medium saucepan over high heat and bring to a boil. Reduce heat to low and simmer gently, stirring occasionally until the mixture thickens, around 6 to 8 minutes. Remove from heat, stir in vanilla and let cool. Set aside.
Combine rolled oats, flour, sugar, baking soda and salt in a food processor. Pulse 3 times (careful not to overmix, you don’t want the mixture to be powdery, just combined). Add butter and pulse again until the mixture is crumbly in pea-sized clumps. Transfer to a mixing bowl to thoroughly mix in the butter.
Spread half of the oat mixture on the bottom of the prepared baking pan, pressing down to make a flat, equal bottom later. Add the date mixture over the crust and then spread evenly. Layer with the remaining oat mixture and press down to flatten the top layer.
Bake in the centre of the oven until the top is golden brown, 30 to 35 minutes. Let cool completely in the pan before cutting and serving. Date Squares keep well, covered in the refrigerator for up to a week, and frozen for 2 to 3 months.",https://www.themealdb.com/images/media/meals/u4scbo1764446514.jpg,,https://www.youtube.com/watch?v=E0bOy1FWkXA,Pitted Dates,Water,Vanilla,Oats,All purpose flour,Brown Sugar,Baking Powder,Salt,Unsalted Butter,,,,,,,,,,,,2 1/2 cups ,1 cup,1 1/2 cup ,2 cups,1 cup,1 cup,1/2 tsp,1/4 tsp,1 cup, , , , , , , , , , , ,https://canadianfoodfocus.org/recipes/classic-canadian-dishes-date-squares/,,,2025-11-29 19:59:02
53137,Dulce de Leche,,Dessert,Argentina,Argentina,"Combine Ingredients: In a large, heavy-bottomed pot, mix the milk, sugar, and baking soda. Cook over low heat, stirring constantly to prevent burning.
Thicken: Continue to cook, stirring frequently, until the mixture becomes thick and caramel-colored, about 1-2 hours.
Flavor: Stir in the vanilla extract.
Cool: Let the dulce de leche cool, then transfer to a jar. It will thicken further as it cools.
Pro Tips:

Stir continuously and keep the heat low to prevent the milk from burning and sticking to the bottom of the pan.
A drop of vanilla extract added at the end of cooking enhances the flavor.",https://www.themealdb.com/images/media/meals/jyjlhj1763075323.jpg,,https://www.youtube.com/watch?v=2J0ICGYsBL4,Milk,Sugar,Baking Powder,Vanilla Extract,,,,,,,,,,,,,,,,,1 Litre,300g,1/4 tsp,1 teaspoon, , , , , , , , , , , , , , , , ,https://www.munchery.com/blog/the-ten-iconic-dishes-of-argentina-and-how-to-cook-them-at-home/,,,2025-11-13 11:18:15
52899,Dundee cake,,Dessert,British,United Kingdom,"Put the almonds into a small bowl and pour over boiling water to just cover. Leave for 5 mins then drain in a sieve and leave to dry.
Preheat the oven to 180C/160 C fan/Gas Mark 4. Line a deep loose-based 20cm cake tin with baking parchment.
Put the butter in a large bowl and beat well until soft. Add the sugar and beat until light and fluffy. Stir in the orange zest and apricot jam.
Sieve together the flour and baking powder. Add the eggs to the creamed butter and sugar, a little at a time, beating well between each addition. If the mixture starts to curdle, stir in a little flour.
Add the remaining flour and ground almonds and mix well. Mix in the milk and then add the dried fruit and cherries and mix gently together.
Spoon the mixture into the prepared tin and spread level using the back of a spoon. Arrange the whole almonds close together in neat circles on the top of the cake. Bake in the oven for 45 mins.
Lower the oven temperature to 160C/140 C fan/Gas Mark 3 and cook for a further 60–80 minutes. Check the cake after 50 minutes by inserting a wooden or metal skewer into the cake. When it’s done it should have just a few crumbs attached. Check every 10 minutes - it’s important not to overcook this cake so the centre will be a little soft.
When cooked, remove the cake briefly from the oven, put the milk and sugar into a small pan and heat gently until the sugar has dissolved. Brush over the top of the cake and return the cake to the oven for 2-3 mins. Remove and allow the cake to cool in the tin. When quite cold remove from the tin and wrap in foil and keep for at least 2 days before cutting.",https://www.themealdb.com/images/media/meals/wxyvqq1511723401.jpg,"heavy,Nutty,Fruity",https://www.youtube.com/watch?v=4hEXsfpeMQE,Almonds,Butter,Muscovado Sugar,Orange,Apricot Jam,Plain Flour,Baking Powder,Eggs,Ground Almonds,Milk,Dried Fruit,Glace Cherry,Milk,Caster Sugar,,,,,,,100g ,180g,180g,Zest of 1,3 tbs,225g,1 tsp ,3 Large,100g ,2 tbs,500g,100g ,1 tbs,2 tsp,,,,,,,https://www.bbcgoodfood.com/recipes/2155640/dundee-cake,,,
53386,Dutch Apple Pie,,Dessert,Netherlands,Netherlands,"Add the flour, 150 gr of the sugar, pinch of salt and 1 egg yolk in the bowl of a food processor. Cut the butter into small cubes and add to the bowl. Turn this into a firm dough. Don't over process, you do not want the dough to turn warm. Check if it sticks by pinching it between your fingers.
Turn out onto a piece of plastic wrap. Make a round ball of it by using your hands and roll it into the plastic. Place into the fridge for half an hour to cool.
Take a round baking tin of 22 cm diameter and cover this with baking paper. Brush the sides with butter.
Preheat the oven to 170˚C (340˚F)
Cut the apple into cubes and mix this with the raisins, the left over sugar and the cinnamon.
Place the cooled dough on a flat surface sprinkled with flour and roll out into a thin sheet. Place this into the baking tin and cover the bottom and the sides well. I usually just press it into the tin without rolling it out. I find that the easiest way but it is less smooth. Just do whatever works for you.
Make sure you keep 1/4 of the dough separate to form the strips on the top.

Once the bottom and sides are covered with the dough, take the rusks and crumble them over the bottom. You can use breadcrumbs for this as well. Shake it a bit so it is divided equally across the bottom.
Add the apple mixture and divide well over the tin. Rol out the rest of the dough and cut into strips. Place that over the top of the pie in a diamond shaped pattern. Brush the strokes and sides with the other egg yolk and place in the preaheated oven.
Bake the apple pie for about 1 hour or until golden and cooked through. Leave to cool in the tin and make sure the sides are loose before opening the tin.",https://www.themealdb.com/images/media/meals/zy4fs51777540384.jpg,,https://www.youtube.com/watch?v=MgI-_e4R53Y,Butter,Egg Yolks,Flour,Sugar,Salt,Cinnamon,Raisins,Apples,Cold Water,,,,,,,,,,,,175g,2,300g,200g,Pinch,1,100g ,6,1 tablespoon,,,,,,,,,,,,https://insimoneskitchen.com/the-best-ever-apple-pie-recipe/#recipe,,,2026-04-30 08:47:52
53393,Dutch doughnuts,,Dessert,,Netherlands,"Place the flour in a large bowl and add the yeast and sugar. If the milk is cold make sure to heat it to lukewarm. Mix your flour mixture bit by bit with the milk until you have a smooth batter. Add the salt and mix with a wooden spoon till the batter is smooth and liquidy.
Cover with a clean tea towel and leave in a warm spot for about an hour to rise.

Heat your deep fryer or add the oil to a large pot. The oil should be a t 180˚C (350˚F) for best results.
Before starting stir your batter through and scoop the batter with two spoons or with an ice cream scoop. Let it drop into the oil carefully. It is easiest to do this if you dip your spoons or scoop into the oil before dipping into the batter. That way it will slide of the spoons easily. Don't over crowd the fryer to prevent the oil cooling down too quickly and everything sticking together. Once one side is golden brown it usually turns around to the other side automatically. If not help it along with two forks.
Take the balls out once golden brown and leave to drain on a piece of kitchen paper.",https://www.themealdb.com/images/media/meals/cz1d6v1777627421.jpg,,,Flour,Milk,Instant Yeast,Salt,Sugar,,,,,,,,,,,,,,,,500g,500ml,10g,10g,25g,,,,,,,,,,,,,,,,https://insimoneskitchen.com/dutch-doughnuts/#recipe,,,2026-05-01 10:21:39
53387,Dutch Spiced Breakfast Cake (Ontbijtkoek),,Dessert,Netherlands,Netherlands,"Preheat the oven to 160˚C (320˚F) Line a cake pan with parchment paper and set aside.

Mix all the dry ingredients together in a large bowl. Place the milk in a small saucepan and heat it until it is almost boiling but not quite.
Pour the milk slowly into the dry ingredients while whisking. Don't overmix! As soon as it is combined to a smooth batter you pour it into the cake pan. Sprinkle the pearl sugar over the top and bake it in the oven for about 1 hour.
Check after about 50 minutes how the cake is progressing. If a cake tester comes out clean the cake it cooked. If not let it cook for a little longer.",https://www.themealdb.com/images/media/meals/uwq8001777540502.jpg,,https://www.youtube.com/shorts/3NIRQ3KMorw,Self-raising Flour,Dark Brown Soft Sugar,Milk,Sugar,Ginger,Cardamom,Baking Powder,Salt,,,,,,,,,,,,,250g,250g,250g,4,1 tablespoon,1/2 tsp,1 tsp,Pinch,,,,,,,,,,,,,https://insimoneskitchen.com/dutch-breakfast-cake/#recipe,,,2026-04-30 08:56:06
53382,Dutch stroopwafel,,Dessert,Netherlands,Netherlands,"Combine milk and yeast in a bowl. Let stand for a moment to allow the yeast to dissolve.
In another bowl, combine flour, butter, sugar, egg, and salt. Pour in the yeast mixture and knead until smooth. Cover the bowl and let the dough rise for one hour.
When the dough is almost ready, make the stroop filling. Combine all the ingredients in a saucepan and stir until the butter is melted and the sugar is dissolved. Let it simmer for a while. The stroop will continue to thicken as it cools.
Shape the dough into balls weighing about 35 grams each. Make a total of 14. Turn your stroopwafel iron on the highest setting.
Place a ball of dough in the iron and close the iron. Don’t flatten the waffle too much; you should still be able to cut through it. Bake for 1-2 minutes until the waffle is nicely golden brown.
When the waffle is done, work quickly. Remove the waffle from the iron and immediately use a round cutter to cut out a nice circle of about 8 to 9 cm (3 to 3.5 inches).
Place the hot waffle on a cutting board and cut horizontally with a sharp knife. The stroopwafel is very hot, so use an oven mitt to hold it in place.
Take half a waffle and spread the (hot!) stroop on it. Place the other half on top, pressing gently if necessary, and place the waffle on a wire rack to cool. Repeat for all the balls.",https://www.themealdb.com/images/media/meals/8cvkcz1766596315.jpg,,https://www.youtube.com/watch?v=3zCrERE0kbc,Milk,Instant Yeast,All purpose flour,Unsalted Butter,Sugar,Egg,Salt,Dutch Stroop,Brown Sugar,Unsalted Butter,Cinnamon,,,,,,,,,,15 ml,10g,250g,120g,80g,1,Pinch,200g,120g,80g,1 tsp, , , , , , , , , ,https://www.inlaurasbakery.com/dutch-stroopwafels-recipe/,,,2025-12-24 17:09:31
53285,Dziriat (Algerian Almond Tarts),,Dessert,Algerian,Algeria,"Prepare the almonds the day before. Bring 6 cups of water to a boil. Remove from heat, and add the almonds. Let the almonds soak in water for about 5 minutes, then drain and peel. Spread the almonds on baking sheets, and bake at 200 degrees F(95 degrees C) until completely dry and toasted. This takes several hours, and needs to be prepared ahead. Be careful not to burn the nuts, as this will give a bitter taste to the filling.

Combine 1 cup sugar and 1 cup water in a saucepan, and bring to a boil. Add 1 teaspoon lemon juice, reduce heat to low, and let it simmer until syrupy, about 30 to 40 minutes. Stir in orange blossom water, and remove from heat. Set sugar syrup aside.

Combine flour and salt in a large mixing bowl. Make a hole in the center, and pour oil, egg, 1/2 teaspoon lemon juice, and 1 tablespoon orange blossom water into the center. Mix with fingers until the dough resembles coarse crumbs. Gradually sprinkle with warm water while mixing until the dough becomes soft and pliable. Divide into 4 equal portions. Cover dough with a wet cloth, and set aside.

In a food processor, finely grind the almonds. Measure 3 cups of the finely ground almonds into a mixing bowl, and stir together with 1 cup sugar, baking powder, vanilla powder, lemon zest, and 2 tablespoons orange flower water. Mix in three eggs one at a time, stirring constantly; mix until you get a sticky, paste-like mixture.

Sprinkle cornstarch on the rolling surface to prevent sticking. Roll each portion of dough very thinly, 1 to 2 millimeters (1/16 inch). Cut the rolled dough into circles of about 10 centimeters (4 inches) in diameter each. Lightly wipe the surface of each circle with cornstarch, and fit into a tart mold, cornstarch side down to prevent sticking. Gently press the dough onto the sides and bottom of the mold, and trim extra dough from around the rim. Fill three quarters of each mold with the almond filling.

Bake on the top shelf at 350 degrees F (175 degrees C) for 20 to 25 minutes, or until the surface of the tart is golden and the dough is firm. Remove the tarts from the molds as soon as they come out of the oven. Dip each tart in the sugar syrup while still hot. Stick a pine nut into the middle of each tart for decoration. Place on a wire rack to drain.",https://www.themealdb.com/images/media/meals/ne5wzp1764115568.jpg,,https://www.youtube.com/watch?v=koPyA-HO8Q4,Sugar,Water,Lemon Juice,Orange Blossom Water,All purpose flour,Vegetable Oil,Egg,Lemon Juice,Salt,Orange Blossom Water,Almonds,Sugar,Egg,Baking Powder,Vanilla,Lemon,Orange Blossom Water,Cornstarch,Pine Nuts,,1 cup,1 cup,1 tsp,2 tablespoons,2 cups,2 tablespoons,1,1/2 teaspoon,1 pinch,1 tablespoon,4 cups,1 cup,3,1/2 teaspoon,1 tsp,Zest of 1,2 tablespoons,Sprinkling,To serve, ,https://www.allrecipes.com/recipe/69501/dziriat-algerian-almond-tarts/,,,2025-11-26 00:04:27
52888,Eccles Cakes,,Dessert,British,United Kingdom,"To make the pastry, dice the butter and put it in the freezer to go really hard. Tip flour into the bowl of a food processor with half the butter and pulse to the texture of breadcrumbs. Pour in the lemon juice and 100ml iced water, and pulse to a dough. Tip in the rest of the butter and pulse a few times until the dough is heavily flecked with butter. It is important that you don’t overdo this as the flecks of butter are what makes the pastry flaky.
On a floured surface roll the pastry out to a neat rectangle about 20 x 30cm. Fold the two ends of the pastry into the middle (See picture 1), then fold in half (pic 2). Roll the pastry out again and refold the same way 3 more times resting the pastry for at least 15 mins each time between roll and fold, then leave to rest in the fridge for at least 30 mins before using.
To make the filling, melt the butter in a large saucepan. Take it off the heat and stir in all the other ingredients until completely mixed, then set aside.
To make the cakes, roll the pastry out until it’s just a little thicker than a £1 coin and cut out 8 rounds about 12cm across. Re-roll the trimming if needed. Place a good heaped tablespoon of mixture in the middle of each round, brush the edges of the rounds with water, then gather the pastry around the filling and squeeze it together (pic 3). Flip them over so the smooth top is upwards and pat them into a smooth round. Flatten each round with a rolling pin to an oval until the fruit just starts to poke through, then place on a baking tray. Cut 2 little slits in each Eccles cakes, brush generously with egg white and sprinkle with the sugar (pic 4).
Heat the oven to 220C/200C fan/gas 8. Bake the Eccles cakes for 15-20 mins until just past golden brown and sticky. Leave to cool on a rack and enjoy while still warm or cold with a cup of tea. If you prefer, Eccles cakes also go really well served with a wedge of hard, tangy British cheese such as Lancashire or cheddar.",https://www.themealdb.com/images/media/meals/wtqrqw1511639627.jpg,"Snack,Treat",https://www.youtube.com/watch?v=xV0QCJ0GD5w,Butter,Plain Flour,Lemon,Butter,Currants,Mixed Peel,Muscovado Sugar,Cinnamon,Ginger,Allspice,Lemon,Eggs,Sugar,,,,,,,,250g,350g,Juice of 1/2,25g,200g,50g,100g ,1 tsp ,1 tsp ,1 tsp ,Zest of 1,1 beaten,spinkling,,,,,,,,https://www.bbcgoodfood.com/recipes/786659/eccles-cakes,,,
53149,Ensaimada,,Dessert,Spanish,Spain,"step 1
Pour 230ml lukewarm water into a bowl and add the yeast. Leave to stand for 3 mins, then add the caster sugar, eggs, flour and 1 tsp sea salt flakes. Mix together to form a dough, then knead for 10 mins in stand mixer using a dough hook (or 15 mins by hand) until the dough is elastic enough to be almost see-through when stretched. Cover and set aside to rest for 30 mins, then cut into four equal pieces. Transfer to a baking tray lined with baking parchment. Leave to rest for another 30 mins.

step 2
Oil the work surface and a rolling pin with vegetable oil. Working with one portion of dough at a time, flatten it against the surface using the palm of your hand, then roll it out into a thin rectangle, about 30 x 50cm. Let it rest for 2 mins while you spread a quarter of the lard over the top. (If you want to fill your pastry with sobrasada de Mallorca, mix 50g lard with the sobrasada, and spread this over the dough instead.) Pull one corner of the flattened dough and stretch it out as far as it will go without breaking. Repeat every 10cm or so around the dough rectangle in every direction until it reaches about 50 x 70cm.

step 3
Cut a strip from each of the shorter sides and lay these beside each other along one of the longer sides of the rectangle; this is what we call the heart of the ensaimada. From there, begin rolling the dough until you have a long pastry snake. Repeat with the remaining portions of dough.

step 4
Take the first roll of dough and stretch it until it is over a metre long. Then, roll it up into a spiral, leaving 1cm between each turn of the spiral so the dough can expand. Flatten a little and transfer to a baking sheet lined with baking parchment. Repeat with the remaining dough. Leave to rise in a warm place for at least 12 hrs, or ideally 24 hrs.

step 5
Heat the oven to 200C/180C fan/gas 6. Put the ensaimadas in the top third of the oven and immediately reduce the temperature to 180C/160C fan/gas 4. Bake for 18 mins until dark golden. Leave to cool on a wire rack. To fill your ensaimada with whipped cream, slice and open, then spread over the cream and close. Dust with a generous amount of icing sugar, if you like and cut into pieces to serve.

",https://www.themealdb.com/images/media/meals/1ugsho1763248007.jpg,,https://www.youtube.com/watch?v=_Quo9Tgxih4,Yeast,Caster Sugar,Egg,Strong white bread flour,Vegetable Oil,Lard,,,,,,,,,,,,,,,5g,200g,2 medium,600g,Drizzle,100g , , , , , , , , , , , , , , ,https://www.bbcgoodfood.com/recipes/ensaimada,,,2025-11-15 22:06:32
52791,Eton Mess,,Dessert,British,United Kingdom,"Purée half the strawberries in a blender. Chop the remaining strawberries, reserving four for decoration.
Whip the double cream until stiff peaks form, then fold in the strawberry purée and crushed meringue. Fold in the chopped strawberries and ginger cordial, if using.
Spoon equal amounts of the mixture into four cold wine glasses. Serve garnished with the remaining strawberries and a sprig of mint.",https://www.themealdb.com/images/media/meals/uuxwvq1483907861.jpg,"Dairy,Fruity,Desert,Treat,Speciality",https://www.youtube.com/watch?v=43WgiNq54L8,strawberries,double cream,meringue nests,ginger cordial,Mint,,,,,,,,,,,,,,,,500g,400ml,3 x 7.5cm,1 tbsp,sprigs of fresh,,,,,,,,,,,,,,,,,,,
53342,Figgy Duff,,Dessert,Canadian,Canada,"In a medium bowl, whisk together flour, brown sugar, baking powder, and spices.
Add raisins and stir well, making sure to coat the raisins in the flour mixture.
Add melted butter, molasses and water and mix with a wooden spoon. Form a ball with the spoon or your hands and put the dough ball in a cotton pudding bag. Tie the bag, leaving at least 1 inch of room to allow the pudding to expand while cooking.
Boil pudding for 1.5 hours. (In NL, this is typically done in the pot along with Jiggs Dinner, but it can be done independently.)
When the duff is firm, remove it from the boiling water and let it cool slightly before removing it from the pudding bag.
Slice pudding like a cake and serve with the warm sauce of your choice: rum butter sauce, warmed molasses or Molasses Coady sauce (1 cup (250 mL) molasses, 1/4 cup (60 mL) butter, 1/4 cup (60 mL) water) is common in Newfoundland.
",https://www.themealdb.com/images/media/meals/kzi6p51764787198.jpg,,https://www.youtube.com/watch?v=b2bF5gZyYDA,All purpose flour,Brown Sugar,Baking Powder,Ginger,Allspice,Cinnamon,Raisins,Melted Butter,Molasses,Water,,,,,,,,,,,2 cups,1/2 cup,2 tsp,1 tsp,1 tsp,1 tsp,1 cup,1/3 cup,1/2 cup,1 tablespoon, , , , , , , , , , ,https://canadianfoodfocus.org/recipes/classic-canadian-dish-figgy-duff/,,,2025-12-03 18:37:10
53322,Flan,,Dessert,Uruguayan,Uruguay,"For the caramel place 100 grams of sugar in a frying pan without any fat and melt on medium heat. Try not to stir with a spoon, but swirl the pan itself. Let melt until you have an amber color and sugar is fully melted. Fill the bottom of four flan containers with it. Caramel will harden immediately, so you need to be fast. My containers yield about 120 milliliters each.

2
Preheat oven to 150 degrees Celsius and look for a casserole or container all your four flan containers fit into.

3
Heat milk with 45 grams of sugar and the cut and scraped out vanilla pod. The milk does not need to boil, just needs to be heated. Take out vanilla pod after a few minutes. Meanwhile stir the egg yolks and eggs gently, try not to incorporate any air in it. Them pour milk-mix into egg-mix and again only stir very gently. Pour into prepared flan containers and place these into your casserole or container. Boil water and pour the water into the large casserole. Be sure not to touch the flan mixture. Place on middle rack in the oven and let bake for about 35-40 minutes. An inserted toothpick should come out clean.

4
Let cool inside the container for an hour before transferring to the fridge. Chill overnight. The next day gently release the rim and then turn upside down on a plate. Serve with some dulce de leche on the side.",https://www.themealdb.com/images/media/meals/0s80wo1764374393.jpg,,https://www.youtube.com/watch?v=rpv_PXIoysE,Sugar,Milk,Sugar,vanilla pod,Egg Yolks,Egg,Dulce de leche,,,,,,,,,,,,,,100g ,350g,45g,1,4,2,To taste, , , , , , , , , , , , , ,https://jennyisbaking.com/2019/12/20/uruguayan-flan-and-merry-christmas/,,,2025-11-28 23:58:32
53341,Flapper Pie,,Dessert,Canadian,Canada,"Preheat the oven to 350˚F.
Mix all the crust ingredients (graham cracker crumbs, melted butter, granulated sugar and ground cinnamon) in a medium bowl. Set aside about 2 Tbsp (30 mL) for later and press the mixture into a 9-inch deep-dish pie plate in the bottom and up the sides. Bake crust for 10 minutes, it will only brown slightly.
Combine the vanilla custard filling ingredients (milk, granulated sugar, cornstarch, egg yolks, vanilla extract and salt together) and cook on medium heat, stirring constantly, until it bubbles and thickens to the texture of pudding. Set aside to cool while you make the meringue topping.
In the bowl of a stand mixer fitted with the beater attachment or in a large bowl using an electric mixer beat the meringue ingredients (egg whites, granulated sugar, cream of tartar) together until it holds stiff and glossy peaks.
To assemble the pie, pour the filling into the crust and top with a thick layer of the meringue, making little spikes that will brown on top. Sprinkle the reserved crumb over the top and place it into the preheated oven.
Bake until the meringue browns, around 10 minutes, making sure to watch it carefully.
Chill in the fridge and eat within a few hours of baking. This pie is best eaten the same day as the meringue will soften and liquify.",https://www.themealdb.com/images/media/meals/6ht8141764786479.jpg,,https://www.youtube.com/watch?v=ALTeJItoxHg,Graham Cracker Crumbs,Melted Butter,Sugar,Ground Cinnamon,Milk,Sugar,Cornstarch,Egg Yolks,Vanilla Extract,Salt,Egg White,Sugar,Cream Of Tartar,,,,,,,,1 1/2 cups ,6 tablespoons,1/2 cup,1/2 tsp,2 1/2 cups ,1/2 cup,1/4 cup,3,1 tsp,1/4 tsp,3,1/4 cup,1/4 tsp, , , , , , , ,https://canadianfoodfocus.org/recipes/classic-canadian-dish-flapper-pie/,,,2025-12-03 18:26:09
53131,Fyrstekake – Norwegian Prince Cake,,Dessert,Norway,Norway,"Crust
▢
Mix together sugar, vanilla and butter until light and fluffy. Mix in the egg yolks. Add in the flour and baking powder and knead with hands until the dough is smooth.
▢
Pack the dough in plastic wrap and chill in refrigerator for at least 30 minutes.

Almond filling
▢
Run the almonds and sugar together in a food processor until the almonds are finely ground (you can decide for yourself how coarse or fine you want them).
▢
Stir in the butter, egg, cognac and/or almond extract (if using).
Assembly
▢
Line the bottom of your cake form with baking paper and grease the sides of the form.
▢
Preheat oven to 350°F (175°C).
▢
Cut 2/3 of the crust dough into slices and press down into the cake form. Cover the bottom of the cake form with the dough and bring the dough 2-3 cm (1 inch) up the sides of the form, pressing until even.
▢
Scoop the almond filling on top of the crust, spreading it evenly across the cake form.
▢
Roll out of the rest of the dough and slice into long strips. Lay the strips of dough across the cake in a grid. Don't worry of the strips break – simply press them back together on the cake.
▢
Gently brush the dough with egg wash.
▢
Bake for about 45 minutes. The top of the cake should be golden brown while the almond filling will remain soft.",https://www.themealdb.com/images/media/meals/9zqrod1763075574.jpg,,https://www.youtube.com/watch?v=MBh7sQcdzwo,Granulated Sugar,Vanilla Extract,Butter,Egg Yolks,Flour,Baking Powder,Almonds,Brown Sugar,Melted Butter,Egg,Brandy,Almond Extract,Egg,,,,,,,,3/4 cup ,1 teaspoon,2/3 Cup,4,2 cups ,1 teaspoon,1 1/2 cups ,3/4 cup,2 tbsp,2 medium,2 tablespoons,5 drops,1, , , , , , , ,https://scandinaviancookbook.com/fyrstekake-norwegian-prince-cake/,,,2025-11-12 12:51:19
53381,Gevulde speculaas,,Dessert,Netherlands,Netherlands,"Mix the self-rising flour, sugar, speculaas spice mix and salt. Add the butter and milk and knead into a firm ball of dough. Start with 6 tablespoons of milk, if the dough is too stiff you can add more milk.
Wrap the dough in plastic wrap and refrigerate overnight. You can process and bake it immediately, but the flavor will be much better if you let it rest.
Mix the almond paste with half of the beaten egg and knead well. This makes it easier to work with and gives it a better and tastier texture.
Take half of the dough and roll it out to 20 x 20 cm. Place in a baking pan lined with parchment paper. Spread the almond paste mixture evenly. Roll out the remaining dough and place on top of the almond paste.
Brush the top with the remaining beaten egg. Garnish with almonds and top with another layer of egg wash.
Bake the filled speculaas for 40 minutes at 180°C/350℉ (conventional oven) or until done.",https://www.themealdb.com/images/media/meals/rw64di1766595573.jpg,,https://www.youtube.com/watch?v=1BYSZIkLOHc,Self-raising Flour,Brown Sugar,Speculaas Spice Mix,Salt,Butter,Milk,Almond Paste,Egg,Milk,Almonds,,,,,,,,,,,300g,150g,10g,Pinch,125g,10 tblsp,300g,1,For brushing,Garnish, , , , , , , , , , ,https://www.inlaurasbakery.com/gevulde-speculaas-dutch-almond-paste-filled-spiced-cookies/,,,2025-12-24 16:57:39
53346,Grape Nut Ice Cream,,Dessert,Jamaican,Jamaica,"In a large bowl, use an electric mixer to whip the cold heavy cream until stiff peaks form. Gently fold in the sweetened condensed milk and vanilla extract until well combined.
Fold in the cereal and stir until evenly distributed throughout the mixture.
Pour the mixture into a freezer-safe container (such as a loaf pan). Lay plastic wrap on top of the ice cream to avoid freezer burn. Cover the container and freeze for at least 6 hours or until solid.
Once frozen, let the ice cream sit at room temperature for a few minutes to soften slightly before scooping and serving.",https://www.themealdb.com/images/media/meals/1xscby1764790242.jpg,,https://www.youtube.com/watch?v=ZxKA2bGkIa8,Heavy Cream,Condensed Milk,Vanilla Extract,Grape Nut Cereal,,,,,,,,,,,,,,,,,2 cups,1 1/4 oz ,1 tsp,1 cup, , , , , , , , , , , , , , , , ,https://www.myforkinglife.com/grape-nut-ice-cream-recipe/#recipe,,,2025-12-03 19:29:03
53007,Honey Yogurt Cheesecake,,Dessert,Greek,Greece,"Heat oven to 160C/140C fan/gas 3. Crush the biscuits and most of the almonds inside a plastic food bag using a rolling pin. Mix with the butter, then press into the bottom of a deep, oval, 23cm dish (or something similar in size – a roasting tin, baking dish or cake tin will work). Bake for 10 mins until crisp.

Stir or mash together the yogurt and mascarpone, then whisk in the eggs, one at a time. Stir in the lemon and orange zests, then stir in most of the honey, reserving about 3 tbsp. Spread over the biscuit base, cover loosely with foil and cook for 1 hr. Remove the foil and cook for 15 mins more until lightly golden and the top is firm with just the slightest wobble in the middle. Leave to cool. Can be kept in the fridge for up to 2 days.

To serve, scatter with almonds, drizzle over the remaining honey, and hand around fresh fruit to go with it.",https://www.themealdb.com/images/media/meals/y2irzl1585563479.jpg,Sweet,https://www.youtube.com/watch?v=JE8crtueXs8,Digestive Biscuits,Almonds,Butter,Greek Yogurt,Mascarpone,Eggs,Lemon,Orange,Honey,Fruit Mix,,,,,,,,,,,100g ,85g,85g,250ml,750g,2,Zest of 1,Zest of 1,250ml,To serve, , , , , , , , , , ,https://www.bbcgoodfood.com/recipes/honey-yogurt-cheesecake,,,
52787,Hot Chocolate Fudge,,Dessert,United States,United States,"Line an 8-inch-square baking pan with wax paper or foil, and coat with non-stick spray.
In a microwave-safe bowl, combine the dark chocolate chips, heavy cream and half of the sweetened condensed milk. Microwave the dark chocolate mixture in 20-second intervals, stirring in between each interval, until the chocolate is melted.
Add the vanilla extract to the dark chocolate mixture and stir well until smooth.
Transfer the dark chocolate mixture into the prepared pan and spread into an even layer.
In a separate bowl, combine the white chocolate chips with the remaining half of the sweetened condensed milk. Microwave the white chocolate mixture in 20-second intervals, stirring in between each interval, until the chocolate is melted.
Evenly spread the white chocolate mixture on top of dark chocolate layer.
Top the chocolate layers with the Mallow Bits or miniature marshmallows, and gently press them down.
Refrigerate for 4 hours, or until set.
Remove the fudge and wax paper from the pan. Carefully peel all of the wax paper from the fudge.
Cut the fudge into bite-sized pieces and serve.",https://www.themealdb.com/images/media/meals/xrysxr1483568462.jpg,"Snack,Chocolate",https://www.youtube.com/watch?v=oJvbsVSblfk,Chocolate Chips,Heavy Cream,Condensed Milk,Vanilla Extract,White Chocolate Chips,Miniature Marshmallows,,,,,,,,,,,,,,,2 cups,2 tbs,1 – 14-ounce can,1 tsp,1-⅓ cups,1-½ cups,,,,,,,,,,,,,,,,,,
53339,Jam jam cookies,,Dessert,Canadian,Canada,"Preheat the oven to 350 °F (180 °C) and line a large baking sheet with parchment paper.
In a stand mixer with the paddle attachment, cream the butter, white sugar and egg until combined, then add the molasses and vanilla and mix until smooth.
Once combined, add the baking soda water mixture and mix for another minute to combine.
Combine dry ingredients; mix baking powder, cinnamon, flour and salt in a separate bowl then add to the wet ingredients a little at a time, mixing on low until fully combined and scraping down the sides to ensure everything is incorporated. The dough should be easily shaped.
Portion dough with a small spoon, roll them into balls and place them on the lined cookie sheet, press them into flat discs using a floured glass or your moistened palm.
Place cookies on parchment-lined baking sheets and bake for 10-12 mins. Remove from the oven and let them cool for at least 10 minutes.
Once cooled the cookie sandwiches by spreading at least two teaspoons of your favourite jam between the two cookies. Repeat and enjoy with a cup of tea.",https://www.themealdb.com/images/media/meals/sktequ1764447186.jpg,,https://www.youtube.com/watch?v=8dh7HmkBLCI,Egg,Butter,Sugar,Molasses,Vanilla,Baking Powder,Water,Baking Powder,Cinnamon,Salt,Flour,Jam,,,,,,,,,1,1 cup,1 cup,1/2 cup,1 tsp,2 tsp,3  tablespoons,2 tablespoons,1 tsp,2 tsp,4 cups,2 cups, , , , , , , , ,https://canadianfoodfocus.org/recipes/jam-jam-cookies/#recipe,,,2025-11-29 20:11:04
52890,Jam Roly-Poly,,Dessert,British,United Kingdom,"Put a deep roasting tin onto the bottom shelf of the oven, and make sure that there’s another shelf directly above it. Pull the roasting tin out on its shelf, fill two-thirds with boiling water from the kettle, then carefully slide it back in. Heat oven to 180C/160C fan/gas 4. Tear off a large sheet of foil and greaseproof paper (about 30 x 40cm). Sit the greaseproof on top of the foil and butter it.
Tip butter, flour and vanilla seeds into a food processor; pulse until the butter has disappeared. Tip into a mixing bowl. Stir through the suet, pour in the milk and work together with a cutlery knife until you get a sticky dough. You may need a drop more milk, depending on your flour.
Tip the dough out onto a floured surface, quickly pat together to smooth, then roll out to a square roughly 25 x 25cm. Spread the jam all over, leaving a gap along one edge, then roll up from the opposite edge. Pinch the jam-free edge into the dough where it meets, and pinch the ends roughly, too. Carefully lift onto the greased paper, join-side down (you might find a flat baking sheet helpful for this), loosely bring up the paper and foil around it, then scrunch together along the edges and ends to seal. The roly-poly will puff quite a bit during cooking so don’t wrap it tightly. Lift the parcel directly onto the rack above the tin and cook for 1 hr.
Let the pudding sit for 5 mins before unwrapping, then carefully open the foil and paper, and thickly slice to serve.",https://www.themealdb.com/images/media/meals/ysqupp1511640538.jpg,,https://www.youtube.com/watch?v=5ZYWVQ8imVA,Butter,Self-raising Flour,Vanilla,Suet,Milk,Raspberry Jam,Custard,,,,,,,,,,,,,,50g,250g,1 small,50g,150ml,100g ,to serve,,,,,,,,,,,,,,https://www.bbcgoodfood.com/recipes/13354/jam-rolypoly,,,
53351,Jamaican Banana Fritters,,Dessert,Jamaican,Jamaica,"Mash bananas with fork in bowl.
Add brown sugar, vanilla, extract, cinnamon, nutmeg and a pinch of salt. Sift in flour and stir with spoon until fully combined.
Add oil to a 10 inch skillet over medium-high heat. Once oil is hot, drop banana fritter batter in oil by the spoonful. Once one side is golden and bubbles appear on the top, flip fritter and cook until the other side is browned as well.
Remove fritters and drain on paper towels. Enjoy",https://www.themealdb.com/images/media/meals/ul2uy31764794321.jpg,,https://www.youtube.com/shorts/I3wZ04FgW0I,Banana,Vanilla Extract,Cinnamon,Nutmeg,Brown Sugar,Salt,All purpose flour,Oil,,,,,,,,,,,,,3 Medium,1 tsp,1/2 tsp,1/4 tsp,3  tablespoons,Pinch,1 cup,For frying, , , , , , , , , , , , ,https://www.myforkinglife.com/banana-fritters/#recipe,,,2025-12-03 20:36:27
53348,Jamaican Spice Bun Recipe,,Dessert,Jamaican,Jamaica,"Soak the craisins, raisins, and cherries in the 1 cup of beer. Set aside and allow to soak for 30 minutes.
Preheat the oven to 325 degrees Fahrenheit. Grease an 8x4 loaf pan. Set aside.
Combine all-purpose flour, baking powder, ground cinnamon, salt, in a large bowl and set aside.
In another bowl, combine brown sugar, egg, milk, honey, melted butter, molasses, browning, vanilla extract, and the beer that’s soaking the fruit. Do not pour the fruit in at this time, just the beer. Mix to combine.
Remove 2 tablespoon of flour from the flour mixture and toss the fruit in it. Set aside.
Make a well in the middle of the bowl of dry ingredients and pour in wet mixture, stirring until fully combined. And the fruits to the mixture and stir until incpororated.
Pour mixture into prepared loaf pan and bake in the preheated oven for 50-60 minutes or until a toothpick comes out clean.
Cool for 5 minutes in the pan and then move to a cooling rack to finish cooling. Serve with slices of cheddar cheese.",https://www.themealdb.com/images/media/meals/08c5f41764791918.jpg,,,All purpose flour,Baking Powder,Ground Cinnamon,Salt,Egg,Brown Sugar,Beer,Milk,Honey,Unsalted Butter,Molasses,Caramelized Sugar Sauce,Vanilla Extract,Dried cranberries,Raisins,Dried Cherries,,,,,380g,2 tsp,2 tsp,1/2 tsp,1 large,150g,250g,1/3 cup,1/4 cup,4 tablespoons,1 tablespoon,1 tsp,1 tsp,1/2 cup,1/2 cup,1/2 cup, , , , ,https://www.myforkinglife.com/easter-spice-bread-jamaican-style/#recipe,,,2025-12-03 19:56:32
53344,Jamaican Sweet Potato Pudding,,Dessert,Jamaican,Jamaica,"Preheat oven to 350°F (175°C). Grease and line a 9-inch round pan or loaf pan with parchment paper.
Place your cut sweet potatoes in the bowl of a food processor and process until finely grated. In a small bowl, toss raisins in 2 teaspoons flour from the ½ cup. Set aside.
In a large bowl, combine grated sweet potatoes, light brown sugar, all-purpose flour, vanilla extract, allspice, cinnamon, nutmeg, ginger, and salt. Stir in 1½ cups of coconut milk until a batter forms. Fold in the raisins that were tossed in the flour.
Pour the batter into the prepared pan and smooth the top. Bake uncovered for 1 hour 30 minutes, until mostly set but still slightly soft in the center",https://www.themealdb.com/images/media/meals/xj9sa81764788866.jpg,,https://www.youtube.com/watch?v=8W8hZeGuiOc,Sweet Potatoes,Coconut Milk,Brown Sugar,All purpose flour,Vanilla Extract,Allspice,Ground Cinnamon,Ground Nutmeg,Ground Ginger,Salt,Raisins,Coconut Milk,Brown Sugar,Ground Cinnamon,Ground Nutmeg,,,,,,2 Lbs,1 1/2 cup ,1 1/2 cup ,1/2 cup,1 tablespoon,1 teaspoon,1 tsp,1 tsp,1/2 tsp,1/4 tsp,1/2 cup,3/4 cup,1 tablespoon,1/8 teaspoon,1/8 teaspoon, , , , , ,https://www.myforkinglife.com/jamaican-sweet-potato-pudding/#recipe,,,2025-12-03 19:05:31
52859,Key Lime Pie,,Dessert,United States,United States,"Heat the oven to 160C/fan 140C/gas 3. Whizz the biscuits to crumbs in a food processor (or put in a strong plastic bag and bash with a rolling pin). Mix with the melted butter and press into the base and up the sides of a 22cm loose-based tart tin. Bake in the oven for 10 minutes. Remove and cool.
Put the egg yolks in a large bowl and whisk for a minute with electric beaters. Add the condensed milk and whisk for 3 minutes then add the zest and juice and whisk again for 3 minutes. Pour the filling into the cooled base then put back in the oven for 15 minutes. Cool then chill for at least 3 hours or overnight if you like.
When you are ready to serve, carefully remove the pie from the tin and put on a serving plate. To decorate, softly whip together the cream and icing sugar. Dollop or pipe the cream onto the top of the pie and finish with extra lime zest.",https://www.themealdb.com/images/media/meals/qpqtuu1511386216.jpg,"Cake,Pie,Desert,Fruity,Sour",https://www.youtube.com/watch?v=q4Rz7tUkX9A,Digestive Biscuits,Butter,Condensed Milk,Egg Yolks,Lime,Double Cream,Icing Sugar,Lime,,,,,,,,,,,,,300g,150g,400g,3,4,300ml ,1 tbls,to serve,,,,,,,,,,,,,https://www.bbcgoodfood.com/recipes/2155644/key-lime-pie,,,
53216,Knafeh,,Dessert,Saudi Arabian,Saudi Arabia,"1
Take kanfhe in a bowl and roughly cut them. Pour melted butter, yellow food color and mix well with your hands.
In a separate bowl mix milk, cream cheese, sugar, cornstarch well.
2
Turn on the flame and boil the liquid, when it gets thick turn off the flame let it cool down a little bit.
Add mozzarella in it and mix it well.
Now make a base with half of the kanfhe in a dish, gently press it to level the dough well.
Pour the cheese mixture on the top and level it with a spoon.
3
Cover it with the other half of the kanfhe.
Put the dish in a preheated oven at 200 degree for about 20-25 minutes.
It's ready when kunafa is golden and crunchy in the surface.
4
Boil water in a pan and dissolve sugar in it for 4–5 minutes. OR cook it until slightly thicken and keep on stirring. Add lemon juice with rose water, mix well.
Evenly pour the syrup over the kunafa as soon as it comes out of the oven.
Your kunafa is ready to serve.",https://www.themealdb.com/images/media/meals/76nffj1763593933.jpg,,https://www.youtube.com/watch?v=3EF_R7__xu4,Knafeh,Unsalted Butter,Yellow Food Colouring,Mozzarella,Cream Cheese,Milk,Sugar,Corn Flour,Sugar,Water,Rose water,Lemon Juice,,,,,,,,,400g,6 tablespoons,1 pinch,1 cup,1/4 cup,1 1/2 cup ,4 tablespoons,2 tablespoons,1 cup,1 cup,1 tsp,1/2 teaspoon, , , , , , , , ,https://cookpad.com/eng/recipes/24934496?ref=search&search_term=saudi+arabia,,,2025-11-19 23:10:17
53015,Krispy Kreme Donut,,Dessert,United States,United States,"Dissolve yeast in warm water in 2 1/2-quart bowl. Add milk, sugar, salt, eggs, shortening and 2 cups flour. Beat on low for 30 seconds, scraping bowl constantly. Beat on medium speed for 2 minutes, scraping bowl occasionally. Stir in remaining flour until smooth. Cover and let rise until double, 50-60 minutes. (Dough is ready when indentation remains when touched.) Turn dough onto floured surface; roll around lightly to coat with flour. Gently roll dough 1/2-inch thick with floured rolling pin. Cut with floured doughnut cutter. Cover and let rise until double, 30-40 minutes.
Heat vegetable oil in deep fryer to 350°. Slide doughnuts into hot oil with wide spatula. Turn doughnuts as they rise to the surface. Fry until golden brown, about 1 minute on each side. Remove carefully from oil (do not prick surface); drain. Dip the doughnuts into creamy glaze set on rack.


Glaze: 
Heat butter until melted. Remove from heat. Stir in powdered sugar and vanilla until smooth. Stir in water, 1 tablespoon at a time, until desired consistency.",https://www.themealdb.com/images/media/meals/4i5cnx1587672171.jpg,,https://www.youtube.com/watch?v=SamYg6IUGOI,Yeast,Water,Water,Sugar,Salt,Eggs,Shortening,Flour,Canola Oil,Milk,Sugar,Vanilla,Boiling Water,Butter,,,,,,,1/4 ounce,1/4 cup,1 1/2 cups ,1/2 cup ,1 tsp ,2,1/3 cup,5 drops,Sprinking,1/2 cup,2 cups ,1 1/2 cups ,6 tablespoons, 1/3 cup, , , , , , ,https://www.mythirtyspot.com/krispy-kreme-copycat-recipe-for/,,,
53128,Kvæfjord Cake “Verdens Beste” (World’s Best Cake),,Dessert,Norway,Norway,"Vanilla custard
▢
Separate the egg yolks and set aside the whites to use in the meringue.
▢
Whisk together the egg yolks, cornstarch and sugar in a bowl.
▢
Heat the cream and milk in a saucepan. Split open the vanilla pod and add the beans to the saucepan. Once the milk begins to bubble pour about half of it into the bowl with the egg mixture, whisking constantly. Then return the saucepan to the heat and pour the egg mixture back into the saucepan with remaining milk, whisking constantly. Once the mixture thickens lower the heat and continue whisking for about 30 seconds.
▢
Pour the custard into a clean bowl and cover with plastic wrap, placing the plastic directly on the top layer of the custard. Chill in the fridge.
Cake
▢
Mix together butter and sugar until light and fluffy. Add egg yolks one at a time, setting aside the egg whites for the meringue. Add the flour mixed with baking powder. Stir in the milk, beating until smooth (you can use an electric mixer if you prefer).
▢
Preheat oven to 320°F (160°C). Cover a baking sheet with baking paper and spread out the batter into a large, even rectangle.
Meringue topping
▢
Whisk together the egg whites and sugar until you get glossy, stiff peaks. The meringue should hold its form – if it still melts continue whisking.
▢
Spread out the meringue on top of the cake batter. Use a spatula to form light waves with the meringue. Sprinkle almonds on top of the meringue. Bake for about 30 minutes, until the meringue and almonds are golden.
Cream filling
▢
Whisk the cream into stiff peaks. Carefully fold in the vanilla custard.
Assembly
▢
Once the cake has cooled, cut it in half. You can use scissors for this, or a knife on a cutting board, slicing through the baking paper as well.
▢
Place half of the cake on a serving platter with the meringue side down and peel off the baking paper.
▢
Spread the cream filling across the cake. Then carefully remove the other half of the cake from the baking paper and place it over the cream filling, meringue side up.
▢
Serve with fresh berries.

",https://www.themealdb.com/images/media/meals/gdn1ot1763075684.jpg,,https://www.youtube.com/watch?v=FjQRhFS3aZU,Egg Yolks,Cornstarch,Granulated Sugar,Heavy Cream,Milk,vanilla pod,Butter,Granulated Sugar,Egg Yolks,Flour,Baking Powder,Milk,Egg White,Granulated Sugar,Almonds,Whipping Cream,,,,,2 large,2 tblsp,1/4 cup,2/3 Cup,3/4 cup ,1,2/3 Cup,3/4 cup ,5 Large,1 1/4 cup,1.5 tsp,1/2 cup,7,1 1/2 cups ,Sliced,1 1/4 cup, , , , ,https://scandinaviancookbook.com/kvaefjord-cake-verdens-beste-worlds-best-cake/,,,2025-11-12 12:18:38
53104,Lamingtons,,Dessert,Australian,Australia,"step 1
Heat the oven to 200C/180C fan/gas 6. Butter and line a 20 x 30cm rectangle tin.

step 2
Beat the butter and sugar in a free-standing mixer until pale and fluffy. Add the eggs one at a time and beat well. Beat through the flour, milk and salt until fully combined, then spoon into the tin. Bake in the oven for 25 mins or until golden and firm to the touch. Set aside to cool completely.

step 3
Slice the sponge horizontally to create two halves. Trim the edges to make perfect corners. Cut the sponge into 18 squares. Lightly whip the cream with the icing sugar until it reaches soft peaks. Spread a little of the jam on half of the sponge squares then pipe or spread over a little of the cream. Sandwich each one with a second square of sponge then set aside in the fridge to chill.

step 4
To make the icing, whisk together the melted butter and milk in a bowl. Sieve the cocoa powder and icing sugar together in a seperate bowl. Gradually add the cocoa and sugar to the butter and milk mixture, whisking continuously to ensure there are no lumps. If it gets lumpy, whizz with a hand blender until smooth.

step 5
Divide the coconut between three shallow bowls (this keeps it from getting coated in too much chocolate whilst you’re dipping).

step 6
Dip each lamington in the icing until completely covered. Roll in the coconut and set on a wire rack. Repeat with the remaining sponges. Chill for a minimum of 1 hr.",https://www.themealdb.com/images/media/meals/j2n7vg1761848636.jpg,,https://www.youtube.com/watch?v=CbHWqzw4Qxg,Salted Butter,Golden Caster Sugar,Egg,Self-raising Flour,Milk,Salt,Double Cream,Icing Sugar,Raspberry Jam,Desiccated Coconut,Unsalted Butter,Milk,Cocoa Powder,Icing Sugar,,,,,,,125g,250g,3 Large,250g,3  tablespoons,1/2 teaspoon,250ml,2 tblsp,200g,350g,80g,250ml,50g,400g, , , , , , ,https://www.bbcgoodfood.com/recipes/lamingtons,,,2025-10-30 17:27:13
52900,Madeira Cake,,Dessert,British,United Kingdom,"Pre-heat the oven to 180C/350F/Gas 4. Grease an 18cm/7in round cake tin, line the base with greaseproof paper and grease the paper.
Cream the butter and sugar together in a bowl until pale and fluffy. Beat in the eggs, one at a time, beating the mixture well between each one and adding a tablespoon of the flour with the last egg to prevent the mixture curdling.
Sift the flour and gently fold in, with enough milk to give a mixture that falls slowly from the spoon. Fold in the lemon zest.
Spoon the mixture into the prepared tin and lightly level the top. Bake on the middle shelf of the oven for 30-40 minutes, or until golden-brown on top and a skewer inserted into the centre comes out clean.
Remove from the oven and set aside to cool in the tin for 10 minutes, then turn it out on to a wire rack and leave to cool completely.
To serve, decorate the cake with the candied peel.",https://www.themealdb.com/images/media/meals/urtqut1511723591.jpg,"Cake,Light,Baking,Desert",https://www.youtube.com/watch?v=-YDh4WEmK_E,Butter,Caster Sugar,Eggs,Self-raising Flour,Milk,Lemon,Mixed Peel,,,,,,,,,,,,,,175g,175g,3,250g,3 tbs,Zest of 1,To Glaze,,,,,,,,,,,,,,https://www.bbc.co.uk/food/recipes/madeiracake_73878,,,
53221,Mamoul (Eid biscuits),,Dessert,Saudi Arabian,Saudi Arabia,"1
Mix butter with sugar until creamy.
2
Add oil flour and semolina and mix.
3
Add warm milk and don't knead too much
4
Cover and leave aside for an hour or less until you prepare the filling
5
For the dates filling, fry some sesame in a pan then add butter. Add the dates paste and mixed well with sesame and butter. Then add a little bit of water until it's mushy. Be careful don't make it too mushy.
6
Take it of the pan, put in a plate until it's cool. Then start to shape balls that weigh 15 gm.
7
Refrigerate for 1/2 an hour.
8
Get back to the dough and shape it as balls that weigh 30 gm.
9
Take the date filling out of the fridge and start to stuff each dough ball with dates ball.
Then use the mamoul mould to give it this shape.
10
In a preheated oven 180 degrees, put it for 20 minutes until golden from below and little bit golden from above.",https://www.themealdb.com/images/media/meals/35kejr1763599712.jpg,"Celebration,Party, Eid",https://www.youtube.com/watch?v=RqBeOaXvqGM,Plain Flour,Semolina,Sunflower Oil,Unsalted Butter,Milk,Icing Sugar,,,,,,,,,,,,,,,300g,200g,25g,250g,50 ml ,60g, , , , , , , , , , , , , , ,https://cookpad.com/eng/recipes/16901544?ref=search&search_term=saudi+arabia,,,2025-11-20 00:44:57
53132,Mazariner – Scandinavian Almond Tartlets,,Dessert,Norway,Norway,"Shells
▢
Combine the flour and powdered sugar in a food processor. Add the butter and pulse until it's evenly distributed. Add the egg and pulse until the dough comes together.
▢
Roll out the dough on a floured surface. Cut the dough in circles with a large mug. Press the circles down into a greased muffin pan. Put the pan of shells in the fridge while you prepare the almond filling.
Almond filling
▢
Preheat oven to 355°F (180°C).
▢
Whisk the egg and powdered sugar together until thick and airy. Melt the butter and stir it into the egg mixture. Stir in the vanilla, flour, and almond extract. Stir in the almond flour.
▢
Pipe or spoon the almond filling onto the shells, filling the shells about 3/4 full.
▢
Bake the mazariner for 20 – 25 minutes, until light golden brown. Cool on a wire rack.
Glaze
▢
Mix together the powdered sugar and liquid until you get a spreadable glaze. Spread the glaze on top of the mazariner and if you wish, decorate with sprinkles, or anything you like.",https://www.themealdb.com/images/media/meals/uh1n5u1763075545.jpg,,https://www.youtube.com/watch?v=ZpZ_8mcmNLI,Flour,Powdered Sugar,Butter,Egg,Egg,Powdered Sugar,Butter,Vanilla Extract,Flour,Almond Flour,Almond Extract,Powdered Sugar,Heavy Cream,Almond Extract,,,,,,,3 Cups,1 1/4 cup,200g,1,3,1 1/4 cup,100g ,2 teaspoons,2 tblsp,2 cups ,1 teaspoon,2 cups,3  tablespoons,1/4 tsp, , , , , , ,https://scandinaviancookbook.com/mazariner-scandinavian-almond-tartlets/,,,2025-11-12 13:04:29
52991,Mince Pies,,Dessert,British,United Kingdom,"To make the pastry, rub 225g cold, diced butter into 350g plain flour, then mix in 100g golden caster sugar and a pinch of salt.

Combine the pastry into a ball – don’t add liquid – and knead it briefly. The dough will be fairly firm, like shortbread dough. You can use the dough immediately, or chill for later.

Preheat the oven to 200C/gas 6/fan 180C. Line 18 holes of two 12-hole patty tins, by pressing small walnut-sized balls of pastry into each hole.

Spoon 280g mincemeat into the pies.

Take slightly smaller balls of pastry than before and pat them out between your hands to make round lids, big enough to cover the pies. 

Top the pies with their lids, pressing the edges gently together to seal – you don’t need to seal them with milk or egg as they will stick on their own. (The pies may now be frozen for up to 1 month).

Beat 1 small egg and brush the tops of the pies. Bake for 20 mins until golden. Leave to cool in the tin for 5 mins, then remove to a wire rack.

To serve, lightly dust with icing sugar.",https://www.themealdb.com/images/media/meals/qe8pf51576795532.jpg,Christmas,https://www.youtube.com/watch?v=PnXft7lQNJE,Butter,Plain Flour,Caster Sugar,Mincemeat,Egg,Icing Sugar,,,,,,,,,,,,,,,225g,350g,100g ,280g,1 small,Topping, , , , , , , , , , , , , , ,https://www.bbcgoodfood.com/recipes/2174/unbelievably-easy-mince-pies,,,
53304,Mini bundt cakes,,Dessert,Polish,Poland,"step 1
Heat the oven to 180C/160C fan/gas 4. Melt 25g butter and generously brush into the holes of a mini bundt tins. Tip a little flour into each hole and shake to coat, then tip out the excess. Beat the butter, caster sugar and a pinch of salt together using an electric whisk. Add the eggs, one at a time, beating well after each addition. Combine the flour and baking powder in a separate bowl, then sift this into the wet ingredients and stir until smooth. Combine the cocoa powder and milk in a small bowl until smooth.

step 2
Spoon 1 tbsp of the plain batter into each hole of the bundt tin. Mix the remaining plain batter with the cocoa powder mixture, then divide this between the holes. Bake for 15-18 mins, or until a skewer inserted into the cakes comes out clean. Leave to cool in the tin for 5 mins, then turn out onto a wire rack and leave to cool completely. Dust with icing sugar to serve.

step 3
Pour 1 tablespoon of light batter into each mold. Mix the remaining batter with the stirred cocoa mixture and then fill the molds with a tablespoon.

step 4
Bake the mini Bundt cakes in the preheated oven for 15-18 minutes , depending on the size of the molds. After 15 minutes of baking time, use a toothpick to test with a skewer and, if necessary, bake for another 3 minutes. Let the mini Bundt cakes cool down completely in the tin. Then carefully remove from the mold. Dust with some icing sugar and serve. Enjoy your meal!",https://www.themealdb.com/images/media/meals/tzt3it1764363293.jpg,,https://www.youtube.com/watch?v=4agkoGMcL2w,Butter,Plain Flour,Caster Sugar,Egg,Baking Powder,Cocoa Powder,Milk,Icing Sugar,,,,,,,,,,,,,150g,175g,125g,3,1 tsp,2 tsp,3  tablespoons,1 tablespoon, , , , , , , , , , , , ,https://www.bbcgoodfood.com/recipes/mini-bundt-cakes,,,2025-11-28 20:52:21
52924,Nanaimo Bars,,Dessert,Canadian,Canada,"Start by making the biscuit base. In a bowl, over a pan of simmering water, melt the butter with the sugar and cocoa powder, stirring occasionally until smooth. Whisk in the egg for 2 to 3 mins until the mixture has thickened. Remove from heat and mix in the biscuit crumbs, coconut and almonds if using, then press into the base of a lined 20cm square tin. Chill for 10 mins.
For the middle layer, make the custard icing; whisk together the butter, cream and custard powder until light and fluffy, then gradually add the icing sugar until fully incorporated. Spread over the bottom layer and chill in the fridge for at least 10 mins until the custard is no longer soft.
Melt the chocolate and butter together in the microwave, then spread over the chilled bars and put back in the fridge. Leave until the chocolate has fully set (about 2 hrs). Take the mixture out of the tin and slice into squares to serve.",https://www.themealdb.com/images/media/meals/vwuprt1511813703.jpg,"Treat,Snack,Dairy",https://www.youtube.com/watch?v=MMrE4I1ZtWo,Custard,Caster Sugar,Cocoa,Egg,Digestive Biscuits,Desiccated Coconut,Almonds,Butter,Double Cream,Custard Powder,Icing Sugar,Dark Chocolate,Butter,,,,,,,,125g,50g,5 tbs,1 beaten,200g shredded,100g ,50g,100g ,4 tbs,3 tbs,250g,150g,50g,,,,,,,,https://www.bbcgoodfood.com/recipes/nanaimo-bars,,,
52858,New York cheesecake,,Dessert,United States,United States,"Position an oven shelf in the middle of the oven. Preheat the oven to fan 160C/conventional 180C/gas 4. Line the base of a 23cm springform cake tin with parchment paper. For the crust, melt the butter in a medium pan. Stir in the biscuit crumbs and sugar so the mixture is evenly moistened. Press the mixture into the bottom of the pan and bake for 10 minutes. Cool on a wire rack while preparing the filling.
For the filling, increase the oven temperature to fan 200C/conventional 240C/gas 9. In a table top mixer fitted with the paddle attachment, beat the soft cheese at medium-low speed until creamy, about 2 minutes. With the mixer on low, gradually add the sugar, then the flour and a pinch of salt, scraping down the sides of the bowl and the paddle twice.
Swap the paddle attachment for the whisk. Continue by adding the vanilla, lemon zest and juice. Whisk in the eggs and yolk, one at a time, scraping the bowl and whisk at least twice. Stir the 284ml carton of soured cream until smooth, then measure 200ml/7fl oz (just over 3⁄4 of the carton). Continue on low speed as you add the measured soured cream (reserve the rest). Whisk to blend, but don't over-beat. The batter should be smooth, light and somewhat airy.
Brush the sides of the springform tin with melted butter and put on a baking sheet. Pour in the filling - if there are any lumps, sink them using a knife - the top should be as smooth as possible. Bake for 10 minutes. Reduce oven temperature to fan 90C/conventional 110C/gas 1⁄4 and bake for 25 minutes more. If you gently shake the tin, the filling should have a slight wobble. Turn off the oven and open the oven door for a cheesecake that's creamy in the centre, or leave it closed if you prefer a drier texture. Let cool in the oven for 2 hours. The cheesecake may get a slight crack on top as it cools.
Combine the reserved soured cream with the 142ml carton, the sugar and lemon juice for the topping. Spread over the cheesecake right to the edges. Cover loosely with foil and refrigerate for at least 8 hours or overnight.
Run a round-bladed knife around the sides of the tin to loosen any stuck edges. Unlock the side, slide the cheesecake off the bottom of the tin onto a plate, then slide the parchment paper out from underneath.",https://www.themealdb.com/images/media/meals/swttys1511385853.jpg,"Desert,Dairy,Pudding,Cake,Breakfast",https://www.youtube.com/watch?v=tspdJ6hxqnc,Butter,Sour Cream,Sugar,Cream Cheese,Caster Sugar,Plain Flour,Lemon Juice,Eggs,Sour Cream,Sour Cream,Caster Sugar,Lemon Juice,,,,,,,,,85g,140g,1tbsp,900g,250g,3 tbs,1 ½ teaspoons,3 Large,250ml,150ml,1 tbsp,2 tsp,,,,,,,,,https://www.bbcgoodfood.com/recipes/2869/new-york-cheesecake,,,
53347,No-Churn Rum Raisin Ice Cream,,Dessert,Jamaican,Jamaica,"Heat the rum in a small saucepan over medium heat until warm (do not boil). Remove from heat and stir in the raisins and vanilla extract. Let the mixture sit for at least 30 minutes. After soaking, drain off the extra rum, but keep ¼ cup of the rum and reserve it to mix into your ice cream base.
In a large bowl, whisk together the sweetened condensed milk, dark brown sugar, cinnamon, allspice, salt, and reserved rum (¼ cup). Stir until the brown sugar is fully dissolved.
In a separate bowl, whip the cold heavy cream with an electric mixer until stiff peaks form.
Gently fold the whipped cream into the condensed milk mixture until fully combined, being careful not to deflate the cream. Fold in the drained rum-soaked raisins to distribute them evenly.
Pour the mixture into a loaf pan or freezer-safe container. Smooth the top and cover with plastic wrap or an airtight lid. Freeze for at least 6 hours, or until firm.
Let the ice cream sit at room temperature for 5–10 minutes before scooping for the best texture.",https://www.themealdb.com/images/media/meals/s9qyzd1764790772.jpg,,https://www.youtube.com/watch?v=6WpzVZrOwIs,Dark Rum,Raisins,Vanilla Extract,Condensed Milk,Brown Sugar,Ground Cinnamon,Allspice,Heavy Cream,Salt,,,,,,,,,,,,1/2 cup,1 cup,1 tsp,14 oz jar,2 tablespoons,1/4 tsp,1/8 teaspoon,2 cups,Pinch, , , , , , , , , , , ,https://www.myforkinglife.com/rum-raisin-ice-cream/#recipe,,,2025-12-03 19:36:58
53129,Norwegian Krumkake,,Dessert,Norway,Norway,"▢
Whisk the egg and sugar until the mixture thickens.
▢
Melt the butter and let it cool slightly, then add the butter to the egg mixture.
▢
Mix in spices and then slowly add the flour while stirring to avoid lumps. 
▢
Let the batter rest for at least 30 minutes. This improves the texture of the krumkaker.
▢
Spoon about one heaping tablespoon of batter onto iron and bake. If the batter is too thick, add some water to it.
▢
While still hot, shape the krumkake with a wooden krumkake roller or over a cup (if using a cup, make them a bit thicker). The krumkaker harden quickly, so you can just let them sit on the roller/cup until the next krumkake is ready to be shaped. 
▢
After completely cooled, store the krumkaker in a metal or glass tin lined with paper towels at the bottom. You can also freeze them!",https://www.themealdb.com/images/media/meals/z9g8011763075640.jpg,,https://www.youtube.com/watch?v=7JXuI2V2MLg,Egg,Sugar,Butter,Cardamom,Nutmeg,Salt,Flour,Water,,,,,,,,,,,,,3 Large,3/4 cup,2/3 Cup,1 teaspoon,1 pinch,1/2 teaspoon,1 1/4 cup,Splash, , , , , , , , , , , , ,https://scandinaviancookbook.com/norwegian-krumkake/,,,2025-11-12 12:27:59
52854,Pancakes,,Dessert,United States,United States,"Put the flour, eggs, milk, 1 tbsp oil and a pinch of salt into a bowl or large jug, then whisk to a smooth batter. Set aside for 30 mins to rest if you have time, or start cooking straight away.
Set a medium frying pan or crêpe pan over a medium heat and carefully wipe it with some oiled kitchen paper. When hot, cook your pancakes for 1 min on each side until golden, keeping them warm in a low oven as you go.
Serve with lemon wedges and sugar, or your favourite filling. Once cold, you can layer the pancakes between baking parchment, then wrap in cling film and freeze for up to 2 months.",https://www.themealdb.com/images/media/meals/rwuyqx1511383174.jpg,"Breakfast,Desert,Sweet,Fruity",https://www.youtube.com/watch?v=LWuuCndtJr0,Flour,Eggs,Milk,Sunflower Oil,Sugar,Raspberries,Blueberries,,,,,,,,,,,,,,100g ,2 large,300ml ,1 tbls,to serve,to serve,to serve,,,,,,,,,,,,,,https://www.bbcgoodfood.com/recipes/2907669/easy-pancakes,,,
52902,Parkin Cake,,Dessert,British,United Kingdom,"Heat oven to 160C/140C fan/gas 3. Grease a deep 22cm/9in square cake tin and line with baking parchment. Beat the egg and milk together with a fork.

Gently melt the syrup, treacle, sugar and butter together in a large pan until the sugar has dissolved. Remove from the heat. Mix together the oatmeal, flour and ginger and stir into the syrup mixture, followed by the egg and milk.

Pour the mixture into the tin and bake for 50 mins - 1 hr until the cake feels firm and a little crusty on top. Cool in the tin then wrap in more parchment and foil and keep for 3-5 days before eating if you can – it’ll become softer and stickier the longer you leave it, up to 2 weeks.
",https://www.themealdb.com/images/media/meals/qxuqtt1511724269.jpg,Caramel,https://www.youtube.com/watch?v=k1lG4vk2MQA,Butter,Egg,Milk,Golden Syrup,Black Treacle,Brown Sugar,Oatmeal,Self-raising Flour,Ground Ginger,,,,,,,,,,,,200g,1 large,4 tbs,200g,85g,85g,100g ,250g,1 tbs,,,,,,,,,,,,https://www.bbcgoodfood.com/recipes/1940684/parkin,,,
53333,Passion fruit mousse,,Dessert,Venezuela,Venezuela,"Add gelatin and ¼ cup room-temperature water to small bowl; let sit until gelatin softens, about 5 minutes. In medium saucepan over medium-high heat, stir together passion fruit pulp, sugar and gelatin mixture. Cook, stirring occasionally, until mixture is thoroughly combined and smooth (mixture should not come to a boil). Remove from heat; cool completely. Stir in condensed milk.
Meanwhile, in clean mixing bowl, using electric mixer, beat egg whites until stiff (peaks of egg whites will not droop, and egg whites will not move when bowl is tilted).
Stir 1/3 egg whites into cooled passion fruit mixture until combined. Using spatula, gently fold in remaining egg whites until combined. Divide mousse evenly among clear glass serving cups; cover. Refrigerate mousse until well chilled, at least 2 hrs.
Serve chilled. Garnish with mint, if desired.",https://www.themealdb.com/images/media/meals/gkcdpl1764441325.jpg,,https://www.youtube.com/watch?v=x5SRhOq3vfs,Unflavoured Gelatin,Passion Fruit Pulp,Sugar,Condensed Milk,Egg White,Mint,,,,,,,,,,,,,,,1 ½ tbsp,1,1 cup,1 Can,6,1 Sprig, , , , , , , , , , , , , , ,https://goya.es/en/recipes/passion-fruit-mousse,,,2025-11-29 18:33:35
52862,Peach & Blueberry Grunt,,Dessert,United States,United States,"Heat oven to 190C/170C fan/gas 5. Butter a wide shallow ovenproof dish. Blend the cornflour with the orange zest and juice, and put in a large pan with the sugar. Halve, stone and slice the peaches and add to the pan. Bring slowly to the boil, stirring gently until the sauce is shiny and thickened, about 3-4 mins. Remove from the heat, stir in the blueberries and tip into the prepared dish.
Tip the flour into a mixing bowl and add the 50g butter. Rub the butter into the flour until it resembles fine breadcrumbs, then stir in half the sugar. Mix the remaining sugar with the cinnamon and set aside.
Add the milk to the dry ingredients and mix to a soft dough. Turn out onto a lightly floured surface and knead briefly. Roll out to an oblong roughly 16 x 24cm. Brush with melted butter and sprinkle evenly with the spicy sugar. Roll up from one long side and cut into 12 slices. Arrange around the top of the dish, leaving the centre uncovered.
Bake for 20-25 mins, until the topping is crisp and golden. Serve warm.",https://www.themealdb.com/images/media/meals/ssxvup1511387476.jpg,"Desert,Pudding,Fruity",https://www.youtube.com/watch?v=SNeO28BCpsc,Corn Flour,Orange,Orange,Caster Sugar,Peaches,Blueberries,Self-raising Flour,Butter,Muscovado Sugar,Cinnamon,Milk,,,,,,,,,,1 tsp ,Juice of 2,Zest of 1,2 tbs,6,250g,200g,50g,100g ,1 tsp ,6 tblsp,,,,,,,,,,https://www.bbcgoodfood.com/recipes/1553651/peach-and-blueberry-grunt,,,
52861,Peanut Butter Cheesecake,,Dessert,United States,United States,"Oil and line a 20cm round loose- bottomed cake tin with cling film, making it as smooth as possible. Melt the butter in a pan. Crush the biscuits by bashing them in a bag with a rolling pin, then stir them into the butter until very well coated. Press the mixture firmly into the base of the tin and chill.
Soak the gelatine in water while you make the filling. Tip the ricotta into a bowl, then beat in the peanut butter and syrup. Ricotta has a slightly grainy texture so blitz until smooth with a stick blender for a smoother texture if you prefer.
Take the soaked gelatine from the water and squeeze dry. Put it into a pan with the milk and heat very gently until the gelatine dissolves. Beat into the peanut mixture, then tip onto the biscuit base. Chill until set.
To freeze, leave in the tin and as soon as it is solid, cover the surface with cling film, then wrap the tin with cling film and foil.
To defrost, thaw in the fridge overnight.
To serve, carefully remove from the tin. Whisk the cream with the sugar until it holds its shape, then spread on top of the cheesecake and scatter with the peanut brittle.",https://www.themealdb.com/images/media/meals/qtuuys1511387068.jpg,"Cake,Desert,Treat,UnHealthy,Speciality",https://www.youtube.com/watch?v=QSTsturcyL0,Butter,Peanut Cookies,Gelatine Leafs,Ricotta,Peanut Butter,Golden Syrup,Milk,Double Cream,Light Brown Soft Sugar,Peanut Brittle,,,,,,,,,,,50g,175g,5,500g,175g,175g,150ml,275ml,2 tblsp ,Crushed,,,,,,,,,,,https://www.bbcgoodfood.com/recipes/1759649/peanut-butter-cheesecake,,,
52958,Peanut Butter Cookies,,Dessert,United States,United States,"Preheat oven to 350ºF (180ºC).
In a large bowl, mix together the peanut butter, sugar, and egg.
Scoop out a spoonful of dough and roll it into a ball. Place the cookie balls onto a nonstick baking sheet.
For extra decoration and to make them cook more evenly, flatten the cookie balls by pressing a fork down on top of them, then press it down again at a 90º angle to make a criss-cross pattern.
Bake for 8-10 minutes or until the bottom of the cookies are golden brown.
Remove from baking sheet and cool.
Enjoy!",https://www.themealdb.com/images/media/meals/1544384070.jpg,"Breakfast,UnHealthy,BBQ",,Peanut Butter,Sugar,Egg,,,,,,,,,,,,,,,,,,1 cup ,1/2 cup ,1,,,,,,,,,,,,,,,,,,https://tasty.co/recipe/3-ingredient-peanut-butter-cookies,,,
52916,Pear Tarte Tatin,,Dessert,France,France,"Core the pears, then peel as neatly as possible and halve. If you like, they can be prepared up to a day ahead and kept in the fridge, uncovered, so that they dry out.
Tip the sugar, butter, star anise, cardamom and cinnamon into an ovenproof frying pan, about 20cm wide, and place over a high heat until bubbling. Shake the pan and stir the buttery sauce until it separates and the sugar caramelises to a toffee colour.
Lay the pears in the pan, then cook in the sauce for 10-12 mins, tossing occasionally, until completely caramelised. Don’t worry about them burning – they won’t – but you want to caramelise them as much as possible. Splash in the brandy and let it flambé, then set the pears aside.
Heat oven to 200C/fan 180C/gas 6. Roll the pastry out to the thickness of a £1 coin. Using a plate slightly larger than the top of the pan, cut out a circle, then press the edges of the circle of pastry to thin them out.
When the pears have cooled slightly, arrange them in the pan, cut side up, in a floral shape, with the pears around the edge pointing inwards. Rest the cinnamon stick on the top in the centre, with the cardamom pods scattered around.
Drape the pastry over the pears, then tuck the edges down the pan sides and under the fruit (see Gordon’s guide). Pierce the pastry a few times, then bake for 15 mins. If a lot of juice bubbles up the side of the pan, pour it off at this stage (see guide). Reduce oven to 180C/fan 160C/gas 4 and bake for 15 mins more until the pastry is golden. Leave the tart to stand for 10 mins, then invert it carefully onto a serving dish.",https://www.themealdb.com/images/media/meals/rxvxrr1511797671.jpg,"Tart,Glazed,Baking",https://www.youtube.com/watch?v=8U1tKWKDeWA,Pears,Caster Sugar,Butter,Star Anise,Cardamom,Cinnamon,Brandy,Puff Pastry,,,,,,,,,,,,,8,100g ,100g ,2,3 Pods,1 large,2 tbs,500g,,,,,,,,,,,,,https://www.bbcgoodfood.com/recipes/4778/pear-tarte-tatin,,,
53292,Piernik (Polish gingerbread),,Dessert,Polish,Poland,"Heat oven to 160C/140C fan/gas 3. Grease and line the base and sides of a deep 20cm cake tin with baking parchment. Put the honey, sugar and butter in a medium saucepan and cook over a medium heat until fully melted. Remove from the heat and allow to cool. Put the flour and spices in a large bowl and mix everything together.

step 2
Once the liquid ingredients have cooled, whisk in the eggs. Pour over the dry ingredients, whisking them together to form a smooth batter – be careful not to overmix as this can lead to a dry cake. Pour into the prepared tin and bake for 50-55 mins or until risen and a skewer inserted into the middle of the cake comes out clean. Allow the cake to cool in the pan for 20 mins before turning out onto a wire rack to cool completely.

step 3
Once cooled, use a large serrated knife to slice the cake into 3 layers. Spread the jam across the 2 bottom cake layers, then reassemble the cake and set aside while you make the glaze. Put the cream, chocolate and honey in a medium pan and cook over a low-medium heat until the chocolate is melted and you have a smooth, pourable mixture. Put the cake on a wire rack set over a parchment-lined baking tray and pour over the glaze, making sure to cover the entire cake. Use a fish slice to carefully transfer the cake to a serving plate and allow the glaze to set. To decorate, dust with a little edible gold powder, if you like. Uniced, this cake will keep for up to 5 days. Once iced, enjoy within 3 days – just keep in the fridge, but remove before serving and eat at room temperature.",https://www.themealdb.com/images/media/meals/kwmdk41764120884.jpg,,https://www.youtube.com/watch?v=SGkMAlrTu6g,Unsalted Butter,Clear Honey,Brown Sugar,Self-raising Flour,Ground Ginger,Ground Cinnamon,Ground Clove,Ground Nutmeg,Pepper,Egg,Plum Jam,Double Cream,Dark Chocolate,Clear Honey,,,,,,,140g,300g,100g ,375g,3 tsp,1 tsp,1/2 teaspoon,1/4 tsp,1/4 tsp,3 Large,200g,225ml,140g,3  tablespoons, , , , , , ,https://www.bbcgoodfood.com/recipes/piernik-polish-gingerbread,,,2025-11-26 01:33:21
53293,Pistachio cake,,Dessert,Polish,Poland,"Heat the oven to 180C/160C fan/gas 4. Butter and line a 23cm springform cake tin. Tip 150g of the pistachios into a food processor and blitz until finely ground. Tip into a bowl and mix in the flour, baking powder and pinch of salt. Beat the butter and sugar in a separate bowl until fluffy and pale, around 5 mins. Crack in the eggs one at a time, beating well for 1 min after each addition, until they have all been added. Beat in the vanilla, then fold in the flour mixture gently. Carefully spoon into the prepared tin and bake for 35-40 mins until a skewer inserted into the middle comes out clean. Set aside to cool completely on a wire rack in the tin.

step 2
Meanwhile, sift the icing sugar into a bowl, then tip in the mascarpone, double cream and pistachio paste. Beat until well combined, then set aside in the fridge for 20-30 mins to thicken to a spooning consistency.

step 3
Cut the cooled cake in half horizontally using a serrated knife, so you have two layers. Put the bottom layer on a plate or cake stand and spread over a generous spoonful of the pistachio cream. Top with a generous handful of the raspberries so the cake is covered. Top with the other sponge half, then cover the top and sides of the cake with the remaining cream. Scatter over the last of the raspberries, the remaining pistachios and the lime zest to serve. Will keep chilled in an airtight container for two days.",https://www.themealdb.com/images/media/meals/xvgpng1764121726.jpg,,https://www.youtube.com/watch?v=ACpikfieDP0,Butter,Pistachio,Plain Flour,Baking Powder,Caster Sugar,Egg,Vanilla Extract,Icing Sugar,Mascarpone,Double Cream,Pistachio Paste,Raspberries,Unwaxed Lime,,,,,,,,250g,200g,80g,1 tsp,225g,4,1 tsp,100g ,250g,200ml,100g ,400g,1, , , , , , , ,https://www.bbcgoodfood.com/recipes/pistachio-cake,,,2025-11-26 01:46:45
53224,Pistachio Kunafa Chocolate Cake and Cupcakes,,Dessert,Saudi Arabian,Saudi Arabia,"1
For Chocolate Cake:Ready all the ingredients. Powder the oreo biscuits, pinch salt and mix warm milk as needed and make a cake batter. Add in baking powder and vinegar and mix.
2
Grease a loose bottomed tin. Pour a 1cm thick layer of the batter.
3
Bake in a preheated oven @160°C for 7-8 minutes or until the knife comes out clean. Cool on wire rack.
4
For Homemade Pistachio Paste:Ready all the pistachio paste ingredients. Slightly melt white chocolate on a double boiler.(else the mixer blade may break) Coarsely powder the pistachio in mixer. Add in condensed milk.
5
Add in slightly warmed and slightly melted white chocolate and milk as required and crush to a smooth paste.(Green food colour can be add. I haven't.)
6
For Kunafa: In a kadhaai take ghee and roast the sevaiiya on slow gas. Keep stirring until a pleasant roasted aroma releases. Cool it. Add in the Homemade pistachio paste.Mix well.
7
Lip smacking Kunafa is ready. Spread a 2 cm layer on the cooled chocolate cake.
8
Melt dark chocolate and strained malai and prepare the chocolate ganache. Cool and pour on the Kunafa layer.
9
Garnish Pistachio Kunafa Chocolate Cake with chopped pistachio and silver balls. Keep in fridge for 2-3 hours. Then unmould the Kunafa Cake.
10
I also prepared Kunafa cupcakes. Cut and enjoy. The cake looked so pretty that we could either save it or have it!! ☺
11
Cross sectional view of the Pistachio Kunafa Chocolate Cake.
12
Enjoy with a new sweet delicacy this festive season with family and friends. ",https://www.themealdb.com/images/media/meals/yh3sg71763741307.jpg,,https://www.youtube.com/watch?v=vINcKAS7Ig8,White Chocolate,Unsalted Pistachio,Condensed Milk,Milk,Oreo Cream Biscuits,Milk,Baking Powder,Vinegar,Salt,Sevaiiya,Ghee,Dark Chocolate,Malai,,,,,,,,6 tablespoons,1 cup,3  tablespoons,5 tablespoons,25,1/2 cup,1/2 teaspoon,1/2 teaspoon,1 pinch,150g,1 tablespoon,120ml,4 tablespoons, , , , , , , ,https://cookpad.com/eng/recipes/25116037?ref=search&search_term=saudi+arabia,,,2025-11-21 16:05:44
53295,Polish chocolate & walnut cake,,Dessert,Polish,Poland,"Heat the oven to 170C/150C fan/gas 3½. Line a 30 x 22cm shallow baking tin with baking parchment. Sift the flour and mix it with cocoa, then set aside. Beat the egg whites until stiff, then add the sugar to them in small batches. Add the egg yolks, one by one, whisking constantly. Tip in the flour mixture and gently fold everything together with a spatula. Pour the prepared batter into the lined tin and bake for 35 mins. Cool for 5 mins, remove from the tin and re-line the tin with baking parchment.

step 2
To make the meringue, whisk the whites until stiff, then gradually whisk in the sugar, one tablespoon at a time. When you have a stiff and shiny meringue, fold in the finely chopped walnuts, flour and startch. Spread the mixture into the re-lined tin and cook for 40 mins on the same heat. Remove from the oven and leave to cool.

step 3
For the chocolate glaze, heat the cream over low heat, then remove from the heat, pour the chopped chocolate into it and mix it until it melts and becomes shiny.

step 4
Cut the cooled chocolate sponge cake and meringue into two layers. Put the nut meringue on top of the bottom layer of sponge and sprinkle on some of the reserved walnuts. Add another layer of meringue and then the upper layer of chocolate sponge cake and cover the top with chocolate glaze. Decorate with walnuts. Put the finished cake in the fridge for 1-2 hrs before serving.",https://www.themealdb.com/images/media/meals/e8ihjp1764123021.jpg,,,Plain Flour,Coco Sugar,Egg,Caster Sugar,Egg White,Caster Sugar,Walnuts,Plain Flour,Potato Starch,Double Cream,Chocolate Chips,,,,,,,,,,150g,50g,8,200g,5,200g,250g,1 tablespoon,1 tablespoon,100g ,100g , , , , , , , , , ,https://www.bbcgoodfood.com/recipes/polish-chocolate-cake,,,2025-11-26 02:08:44
53298,Polish doughnuts (Pączki),,Dessert,Polish,Poland,"step 1
To make the leaven, mix the yeast with the sugar and flour, and stir in the warm milk. Set aside in a warm place for 30 minutes.

step 2
For the dough, put egg yolks into a heatproof bowl and add the sugar and vanilla sugar. Set the bowl over a pan of simmering water and whisk until smooth and thick.

step 3
Sift the flour into the bowl of a stand mixer, add the beaten yolks and the warm cream, mix thoroughly, then add a pinch of salt and the leaven. Bring together to make a dough and knead for 10 minutes (or 15-20 if doing this by hand).

step 4
When the dough stops sticking to your hands, pour in the cooled melted butter and knead for a few more minutes. Cover with a cloth and leave in a warm place to rise for at least 1 hr-1 hr 30 mins.

step 5
Mix the jam with the ground almonds and spoon into a piping bag or jam syringe. Divide the dough into 16 pieces and shape them into doughnuts. Cover and leave to rise for 30 mins.

step 6
Fill a deep pan or a deep fat fryer one third full of oil or melted lard and heat it until it is 180C – if you don’t have a thermometer, drop in a small chunk of bread. The oil is ready when it browns in about 30 secs. Add the doughnuts and fry, turning them once for about 1-2 mins on each side (a thin lighter ring should form in the middle). After removing, drain the doughnuts of excess fat on some kitchen paper.",https://www.themealdb.com/images/media/meals/x6jqog1764359857.jpg,,https://www.youtube.com/watch?v=17jL5nZrgPw,Yeast,Caster Sugar,Flour,Milk,Egg Yolks,Sugar,Caster Sugar,Vanilla Extract,Flour,Double Cream,Butter,Jam,Ground Almonds,Oil,Icing Sugar,Lemon,Almond Essence,Almonds,,,10g,1 tsp,1 tablespoon,125ml ,7,15g,10g,1 tsp,500g,200ml,15g,125ml ,10g,For frying,75g,Juice of 1/2,Dash,50g, , ,https://www.bbcgoodfood.com/recipes/polish-doughnuts,,,2025-11-28 19:56:05
53022,Polskie Nalesniki (Polish Pancakes),,Dessert,Polish,Poland,"Add flour, eggs, milk, water, and salt in a large bowl then mix with a hand mixer until you have a smooth, lump-free batter.
At this point, mix in the butter or the vegetable oil. Alternatively, you can use them to grease the pan before frying each pancake.
Heat a non-stick pan over medium heat, then pour in the batter, swirling the pan to help it spread.
When the pancake starts pulling away a bit from the sides, and the top is no longer wet, flip it and cook shortly on the other side as well.
Transfer to a plate. Cook the remaining batter until all used up.
Serve warm, with the filling of your choice.",https://www.themealdb.com/images/media/meals/58bkyo1593350017.jpg,,https://www.youtube.com/watch?v=EZS4ev2crHc,Flour,Eggs,Milk,Water,Salt,Sugar,Butter,,,,,,,,,,,,,,1 cup ,2,1 cup ,3/4 cup ,Pinch,1 tsp ,3 tbs, , , , , , , , , , , , , ,https://www.tasteatlas.com/nalesniki/recipe,,,
53046,Portuguese custard tarts,,Dessert,Portuguese,Portugal,"STEP 1
Roll the pastry
Mix the flour and icing sugar, and use this to dust the work surface. Roll the pastry out to make a 45 x 30cm rectangle. Roll up lengthways to create a long sausage shape.

STEP 2
Cutting pastry into rounds
Cut the pastry into 24 wheels, about 1-2cm thick.

STEP 3
Roll out each pastry portion
Roll each wheel lightly with the rolling pin to fit 2 x 12-hole non-stick fairy cake tins.

STEP 4
Press pastry into the tin
Press the pastry circles into the tins and mould into the tins to make thin cases. Chill until needed.

STEP 5
Make the infused syrup
Heat the oven to 220C/fan 200C/gas 7. Make a sugar syrup by bringing the sugar, 200ml water, lemon zest and cinnamon stick to the boil. Reduce until syrupy, allow to cool, then remove the cinnamon and lemon. Whisk the eggs, egg yolks and cornflour until smooth in another large pan.

STEP 6
Making custard
Heat the milk and vanilla pod seeds in a separate pan until just below the boil. Gradually pour the hot milk over the eggs and cornflour, then cook on a low heat, continually whisking.

STEP 7
Add syrup to custard
Add the cooled sugar syrup to the custard and whisk until thickened slightly.

STEP 8
Pour custard into the tins
Pour the custard through a sieve. Pour into the pastry cases and bake for 15 minutes until the pastry is golden and the custard has darkened.

STEP 9
cool and dust with icing sugar
Cool completely in the tins then sift over icing sugar and ground cinnamon to serve.



 ",https://www.themealdb.com/images/media/meals/vmz7gl1614350221.jpg,,https://www.youtube.com/watch?v=lWLCxui1Mw8,Plain Flour,Icing Sugar,Puff Pastry,Caster Sugar,Lemon Zest,Cinnamon,Eggs,Egg Yolks,Corn Flour,Whole Milk,Vanilla,Cinnamon,,,,,,,,,2 tbs,2 tbs,375g,250g,2 strips,1 Stick,2,4,50g,500ml,Pod of,To serve, , , , , , , , ,https://www.olivemagazine.com/recipes/baking-and-desserts/portuguese-custard-tarts/,,,
53323,Postre Chajá,,Dessert,Uruguayan,Uruguay,"For the sponge cake preheat oven to 180 degrees Celsius and prepare either one or two 20cm/8 inch cake pan(s). Line bottom with parchment paper. Then divide the eggs into egg white and egg yolks. Use a bigger bowl for the egg yolks. If you have a glass or metal bowl, use that one for the egg whites. Be sure that bowl is free of fat/grease and that your mixer was properly cleaned. First beat the egg whites on medium speed with a pinch of salt until soft peaks form. Set aside. Without cleaning our mixer, beat the egg yolks with the sugar. Beat until the color becomes much paler and you have a creamy consistency. This usually takes several minutes.

2
Gently pour one third of the egg whites on top of the mixed egg yolks and sift the flour and cornstarch on top. Don't skip this step. It is important that the flour mix was sifted. Gently mix all ingredients with a spatula. Try to incorperate the flour mix and egg whites without losing volume. Add the last two thirds of beaten egg whites and gently fold the mixture. Don't overmix. Put batter into the prepared cake pans and immediately bake. Don't let the batter sit for too long as it will quickly lose volume. Bake for 35 minutes if using one springform or 25 minutes if using two. Let cool a little before gently getting them out of the form. Tip: if making the day before, wrap in cling wrap, it is much easier to cut in half once cold.

3
For the meringue beat egg white until soft peaks form, add pinch of salt and continue beating on high while adding the sugar. Beat for at least three more minutes until glossy and shiny. Pipe small stars or other shapes with the meringue on a baking sheet lined with parchment paper. Dry for about 45min at 100 degrees Celsius in the oven. Keep in airtight container until further use.

4
For the filling beat heavy cream, vanilla extract and sugar until stiff peaks form, slice peaches in thin slices. Cut cake in four layers, this is much easier done once the cake layers are cold. Brush cake layer with some of the peach juice left, then pipe thin layer of whipped cream around the edges, place the peach slices in the middle on first layer on cake, on the second layer only spread the dulce de leche. Repeat layer with brushed peach juice, whipped cream and peaches for the third and final layer. Be sure to reserve enough peach slices for the top. Spread thin layer of whipped cream on the sides of the cake and pipe on some roses around the edges if desired. Heat the peach juice and mix the cornstarch with a bit of water until you see no lumps. Once juice is hot, add the cornstarch and stir until glaze thickenes. Pour over peaches of the top layer cake. Crush the meringue and pat around the sides. Serve immediately.

",https://www.themealdb.com/images/media/meals/wii0591764375062.jpg,,https://www.youtube.com/watch?v=-O6MsNm39Yw,Egg,Sugar,Salt,All purpose flour,Cornstarch,Egg White,Sugar,Dulce de leche,Heavy Cream,Vanilla Extract,Sugar,Peaches,Peach Juice,Cornstarch,,,,,,,5,100g ,Pinch,75g,30g,1,50g,200g,400g,1 tsp,40g,500g,50 ml ,1 tsp, , , , , , ,https://jennyisbaking.com/2018/08/31/uruguays-version-of-a-peach-layer-cake-postre-chaja/#recipe,,,2025-11-29 00:09:27
52932,Pouding chomeur,,Dessert,Canadian,Canada,"In a large bowl, with an electric mixer, mix the butter and sugar till the mix is light.
Add eggs and vanilla and mix.
In another bowl, mix flour and baking powder.
Alternate flour mix and milk to the butter mix.
Pour into a 13 inch by 9 inch greased pan.
MAPLE SAUCE.
In a large casserole, bring to boil the syrup, brown sugar, cream and butter and constantly stir.
Reduce heat and and gently cook 2 minutes or till sauce has reduced a little bit.
Pour sauce gently over cake.
Bake at 325°f (160°c) about 35 minutes or till cake is light brown and when toothpick inserted comes out clean.",https://www.themealdb.com/images/media/meals/yqqqwu1511816912.jpg,Pudding,https://www.youtube.com/watch?v=WFvj71RZYPc,Butter,Sugar,Eggs,Vanilla Extract,Flour,Baking Powder,Milk,Maple Syrup,Brown Sugar,Single Cream,Butter,,,,,,,,,,½ cup ,1 cup ,2,1 tsp ,2 cups ,1 tsp ,1 1/4 cup,1 1/2 cup ,1 1/2 cup ,1 1/2 cup ,1/3 cup,,,,,,,,,,http://www.geniuskitchen.com/recipe/pouding-chomeur-poor-mans-pudding-with-maple-syrup-sauce-218797,,,
52857,Pumpkin Pie,,Dessert,United States,United States,"Place the pumpkin in a large saucepan, cover with water and bring to the boil. Cover with a lid and simmer for 15 mins or until tender. Drain pumpkin; let cool.
Heat oven to 180C/160C fan/gas 4. Roll out the pastry on a lightly floured surface and use it to line a 22cm loose-bottomed tart tin. Chill for 15 mins. Line the pastry with baking parchment and baking beans, then bake for 15 mins. Remove the beans and paper, and cook for a further 10 mins until the base is pale golden and biscuity. Remove from the oven and allow to cool slightly.
Increase oven to 220C/200C fan/gas 7. Push the cooled pumpkin through a sieve into a large bowl. In a separate bowl, combine the sugar, salt, nutmeg and half the cinnamon. Mix in the beaten eggs, melted butter and milk, then add to the pumpkin purée and stir to combine. Pour into the tart shell and cook for 10 mins, then reduce the temperature to 180C/160C fan/gas 4. Continue to bake for 35-40 mins until the filling has just set.
Leave to cool, then remove the pie from the tin. Mix the remaining cinnamon with the icing sugar and dust over the pie. Serve chilled.",https://www.themealdb.com/images/media/meals/usuqtp1511385394.jpg,"Halloween,Pie,Desert",https://www.youtube.com/watch?v=hpapqEeb36k,Pumpkin,Shortcrust Pastry,Plain Flour,Caster Sugar,Salt,Nutmeg,Cinnamon,Eggs,Butter,Milk,Icing Sugar,,,,,,,,,,750g,350g,Dusting,140g,½ tsp,½ tsp,1 tsp ,2 Beaten ,25g,175g,1 tblsp ,,,,,,,,,,https://www.bbcgoodfood.com/recipes/1742633/pumpkin-pie,,,
53303,Raspberry mousse,,Dessert,Polish,Poland,"step 1
Put the gelatine leaves in a bowl, cover with warm water and leave to soak for 5 mins. Drain and squeeze out any excess water.

step 2
Tip the raspberries into a pan over a medium-low heat along with the sugar and lemon juice. Cook for 5-6 mins until the berries have completely broken down. Push the mixture through a sieve set over a bowl, discarding the seeds. Stir in the gelatine leaves until dissolved (if they don’t dissolve, pour the mixture into a clean saucepan and heat gently until dissolved). Set aside to cool for 15 mins.

step 3
Whip the cream to soft peaks using an electric whisk, then gently fold this into the raspberry mixture. Spoon into the ramekins or moulds and chill overnight, or for at least 6 hrs. Serve with raspberries scattered over the top.",https://www.themealdb.com/images/media/meals/v5jrnn1764362830.jpg,,https://www.youtube.com/watch?v=YbFsvvwcSCw,Gelatine Leafs,Raspberries,Caster Sugar,Lemon,Whipping Cream,,,,,,,,,,,,,,,,2,350g,60g,Juice of 1,500ml, , , , , , , , , , , , , , , ,https://www.bbcgoodfood.com/recipes/raspberry-mousse,,,2025-11-28 20:45:41
52901,Rock Cakes,,Dessert,British,United Kingdom,"Preheat oven to 180C/350F/Gas 4 and line a baking tray with baking parchment.
Mix the flour, sugar and baking powder in a bowl and rub in the cubed butter until the mixture looks like breadcrumbs, then mix in the dried fruit.
In a clean bowl, beat the egg and milk together with the vanilla extract.
Add the egg mixture to the dry ingredients and stir with a spoon until the mixture just comes together as a thick, lumpy dough. Add a teaspoon more milk if you really need it to make the mixture stick together.
Place golfball-sized spoons of the mixture onto the prepared baking tray. Leave space between them as they will flatten and spread out to double their size during baking.
Bake for 15-20 minutes, until golden-brown. Remove from the oven, allow to cool for a couple of minutes then turn them out onto a wire rack to cool.",https://www.themealdb.com/images/media/meals/tqrrsq1511723764.jpg,"Baking,Cake",https://www.youtube.com/watch?v=tY3taZO3Aro,Self-raising Flour,Caster Sugar,Baking Powder,Butter,Dried Fruit,Eggs,Milk,Vanilla Extract,,,,,,,,,,,,,225g,75g,1 tsp ,125g,150g,1,1 tbs,2 tsp,,,,,,,,,,,,,https://www.bbc.co.uk/food/recipes/rock_cakes_03094,,,
52786,Rocky Road Fudge,,Dessert,United States,United States,"Line an 8-inch-square baking pan with wax paper or foil, and coat with non-stick spray.
Pour ½ cup of the miniature marshmallows into the bottom of the lined baking dish.
In a microwave-safe bowl, combine the chocolate chips and peanut butter. Microwave the chocolate mixture in 20-second intervals, stirring in between each interval, until the chocolate is melted.
Add the vanilla extract and stir well, until smooth.
Reserve 2 tablespoons of the chopped almonds or peanuts, and set aside.
Fold 1 ½ cups of the miniature marshmallows and the remaining chopped nuts into the chocolate mixture.
Transfer the chocolate mixture into the prepared pan and spread into an even layer. Immediately top with the reserved chopped nuts and the mallow bits or additional miniature marshmallows, if using.
Refrigerate for 4 hours, or until set.
Remove the fudge and wax paper from the pan. Carefully peel all of wax paper from the fudge.
Cut the fudge into bite-sized pieces and serve.",https://www.themealdb.com/images/media/meals/vtxyxv1483567157.jpg,"Chocolate,Snack,Sweet,Baking",https://www.youtube.com/watch?v=N1aJ3nEYXyg,Miniature Marshmallows,Chocolate Chips,Peanut Butter,Vanilla Extract,Peanuts,,,,,,,,,,,,,,,,2 cups,3 cups,½ cup,1 tsp,1 ¼ cups,,,,,,,,,,,,,,,,http://tiphero.com/rocky-road-fudge/,,,
53024,Rogaliki (Polish Croissant Cookies),,Dessert,Polish,Poland,"In a medium bowl mix egg yolks, philly cheese and baking powder using a hand held mixer. Carefully start adding the flour. When the mixture will not be mixing well, and will look like wood chips, put away the blending mixer and using your hands knead the dough.
Create a roll and cover in foil and freeze for 15 minutes. At this time preheat the oven to 375.
Take the dough out and separate into two. Roll and cut out 3 inch trangles.
Make as many as you can and on centre of each put a small spoon of jam. Roll them into a croissant shape.
Place the croissants onto a greased cookie sheet, and bake for 10-12 minutes or until golden.
Repeat with the rest of the dough.
When you take them out, put aside and sprinkle with powdered sugar on top.
This makes about 3 batches of 20 cookies each.
Total count about 60 cookies.",https://www.themealdb.com/images/media/meals/7mxnzz1593350801.jpg,,https://www.youtube.com/watch?v=VAR10T9mfhU,Butter,Egg Yolks,Cream Cheese,Baking Powder,Flour,Jam,,,,,,,,,,,,,,,1 cup ,3,8 oz ,1 tsp ,3 cups ,1 Jar, , , , , , , , , , , , , , ,https://www.food.com/recipe/rogaliki-polish-croissant-cookies-with-jam-filling-200668,,,
52833,Salted Caramel Cheescake,,Dessert,United States,United States,"1) Blitz the biscuits and the pretzels in a food processor and mix the biscuits with the melted butter. Spread on the bottom of an 8″/20cm Deep Springform Tin and press down firmly. Leave to set in the fridge whilst you make the rest!

2) Using an electric mixer, I use my KitchenAid with the whisk attachment, whisk together the cream cheese, vanilla, and icing sugar until smooth and then add the caramel and whisk again until smooth and lump free – this could take a couple of minutes, I whisk it at half speed so not too quick or slow!

3) Pour in the double cream & Salt flakes and continue to whisk for a couple of minutes until its very thick and mousse like (I mix it on a medium speed, level 6/10) – Now this could take up to 5 minutes depending on your mixer, but you seriously have to stick at it – it will hold itself completely when finished mixing (like a meringue does!) If you don’t mix it enough it will not set well enough, but don’t get impatient and whisk it really quick because that’ll make it split! Spread over the biscuit base and leave to set in the fridge overnight.

4) Remove the Cheesecake from the tin carefully and decorate the cheesecake – I drizzled over some of the spare caramel, and then some Toffee Popcorn and more Pretzels!",https://www.themealdb.com/images/media/meals/xqrwyr1511133646.jpg,,https://www.youtube.com/watch?v=q5dQp3qpmI4,Digestive Biscuits,Pretzels,Butter,Cream Cheese,Vanilla Extract,Icing Sugar,Caramel,Sea Salt,Double Cream,Caramel Sauce,Toffee Popcorn,Pretzels,,,,,,,,,250g,75g,135g,450g,1tsp,100g ,150g,1tsp,300ml ,drizzle,Top,Top,,,,,,,,,http://www.janespatisserie.com/2015/11/09/no-bake-salted-caramel-cheesecake/,,,
53337,Saskatoon Pie,,Dessert,Canadian,Canada,"To make the pastry, place the flour and salt in a large bowl. Mix well. Add the cubes of butter and shortening and mix them in (I like to use my hands to mix the fat into the flour, but you can use a pastry blender) just until it looks like coarse oatmeal with some pea-sized bits remaining. Place the egg in a 2-cup measure and beat it with a fork. Beat in the vinegar and just enough ice-cold water to bring it to the 1-cup mark. Stir this into the flour mixture, just until the dough clings together. I like to use my hands for this part as well, but a wooden spoon would also work. Try not to overmix it.
On a lightly floured surface, gather the dough into a ball and divide it into 5 evenly sized portions. Shape each portion into a disc and wrap tightly in plastic. Chill 2 of these discs for 1 hour. Freeze the other 3 in a resealable freezer bag for future use. The pastry keeps well in the freezer for up to 2 months.
Preheat the oven to 350°F. Place the rack in the lower third of the oven. Line a baking sheet with aluminum foil to catch drippings.
On a lightly floured surface, roll out 1 disc of pastry into a 12-inch circle, or thereabouts. Place it in the bottom of a 9-inch pie plate, with the pastry overhanging the edges of the pie plate.
To make the filling, place the saskatoon berries in a large bowl and stir in the 1/2 cup sugar and the cornstarch until well combined. Pour the berry mixture into the bottom of the pie. Dot with the butter. On a lightly floured surface, roll out the pastry in another 12-inch circle for the top crust. Use a ruler to guide you when cutting the pastry into 6 wide, long strips to keep the edges straight. Save the 2 end pieces in case you need to do any patching. I like wide strips, but if you like a thinner look, feel free to cut thin strips of pastry. Weave the pastry strips, going over and under, making sure they connect with the edges of the pie crust. Fold over the edges of the bottom crust, tucking in the lattice ends. This will help to trap the juices and give a rustic look.
If you prefer a cleaner, tidier look, you can trim the overhanging pieces and crimp the edges with a fork. Brush the top of the pie with the egg wash. Sprinkle with the remaining Tbsp sugar. Place the pie on the prepared baking sheet and bake it for about 90 – 100 minutes, until it’s golden brown and bubbling. Remove the pie from the oven and place it on a wire rack to cool.
Serve the pie warm or at room temperature with whipped cream or ice cream. Makes 6 servings. This keeps well if covered with plastic and refrigerated for up to 4 days.",https://www.themealdb.com/images/media/meals/5xdrkw1764444472.jpg,,https://www.youtube.com/watch?v=wla0ijWVLCs,All purpose flour,Salt,Unsalted Butter,Vegetable Shortening,Egg,Vinegar,Water,Saskatoon Berries,Sugar,Sugar,Cornstarch,Unsalted Butter,Egg,Water,,,,,,,6 cups ,2 tsp,1 cup,1 cup,1 large,1 tablespoon,Splash,5 Cups,1/2 cup,1 tablespoon,3  tablespoons,2 tablespoons,1 beaten,1 tablespoon, , , , , , ,https://canadianfoodfocus.org/canadian-food-stories/classic-canadian-recipes-saskatoon-pie/#recipe,,,2025-11-29 19:25:50
53054,Seri muka kuih,,Dessert,Malaysian,Malaysia,"Soak glutinous rice with water for at least 1 ½ hours prior to using. Drain.
Prepare a 9-inch round or square cake pan and spray with cooking spray or line with plastic wrap.
Mix coconut milk, water, salt and the rice. Pour it into cake pan, topped with the pandan knots.
Steam for 30 minutes.
After 30 minutes, fluff up the rice and remove pandan knots. Then, using a greased spatula, flatten the steamed rice. Make sure there are no holes/air bubbles and gaps in the rice, especially the sides.
Steam for another 10 minutes.

Combine pandan juice, coconut milk, all purpose flour, cornflour, and sugar. Mix well.
Add eggs and whisk well then strain into a medium sized metal bowl or pot.
Place pandan mixture over simmering water (double boiler or bain-marie)
Stir continuously and cook till custard starts to thicken. (15 minutes)
Pour pandan custard into glutinous rice layer, give it a little tap (for air bubbles) and continue to steam for 30 minutes.
Remove kuih seri muka from the steamer and allow to cool completely before cutting into rectangles or diamond shapes.",https://www.themealdb.com/images/media/meals/6ut2og1619790195.jpg,,https://www.youtube.com/watch?v=_NJtCfqgaBo,Rice,Coconut Milk,Water,Salt,Corn Flour,Flour,Eggs,Coconut Cream,Sugar,,,,,,,,,,,,400g,150ml,100ml,1 tsp ,5 tbs,3 tbs,3,200ml,140g, , , , , , , , , , , ,https://makan.ch/recipe/kuih-seri-muka/,,,
53395,Slagroomtaart,,Dessert,,Netherlands,"Beat the eggs, sugar and vanilla sugar until light and fluffy. I beat this in a stand mixer on medium-high speed for about 10 minutes.
Sift the flour and cornstarch and add to the mixture. Fold this gently into the mixture; you don’t want all the air you whipped in to disappear.
Pour the batter into a greased baking pan. Bake the cake base at 180°C/350°F (conventional oven) for 30 minutes. The cake is done when you press lightly on the top and it springs back. Allow the cake to cool in the pan for a few minutes before removing it to a cake rack.
Meanwhile, prepare the nougatine and jam according to the recipe if you haven’t already.
Let the cake cool completely before you cut it. If, like me, you used a 20 cm/8 inch spring form pan, cut the cake into three layers.",https://www.themealdb.com/images/media/meals/wxfmk41777628643.jpg,,https://www.youtube.com/watch?v=w6d3N2E_Vdo,Eggs,Sugar,vanilla sugar,Flour,Cornstarch,Jam,Nougatine,Whipping Cream,Sugar,Fruit Mix,,,,,,,,,,,175g,100g ,10g,75g,25g,6 tablespoons,100g ,750 ml ,6 tablespoons,5,,,,,,,,,,,https://www.inlaurasbakery.com/slagroomtaart-dutch-cream-cake/,,,2026-05-01 10:41:53
53163,Spanish fig & almond balls,,Dessert,Spanish,Spain,"step 1
Whizz the almonds in a food processor until most are finely chopped, then tip into a large bowl. Roughly chop the figs, then whizz to a smooth sticky paste. Scrape onto the almonds then, using your hands, mix together well with the dried fruit, brandy, honey and cloves.

step 2
Divide the mixture into 6 and roll into balls. Tip the sesame seeds onto a tray, then roll the balls in them until covered. Cover the tray loosely with a clean tea towel, then leave the fig balls to dry for a week before packaging. Will keep in a cool place for 2 months.",https://www.themealdb.com/images/media/meals/si2rty1763282314.jpg,,,Almonds,Figs,Dried Apricots,Dried cranberries,Brandy,Clear Honey,Cloves,Sesame Seed,,,,,,,,,,,,,100g ,500g,85g,50g,1 tablespoon,1 tblsp ,1 teaspoon,100g , , , , , , , , , , , , ,https://www.bbcgoodfood.com/recipes/spanish-fig-almond-balls,,,2025-11-16 08:36:38
52886,Spotted Dick,,Dessert,British,United Kingdom,"Put the flour and salt in a bowl. Add the suet, currants, sugar, lemon and orange zest.
Pour in 150ml milk and mix to a firm but moist dough, adding the extra milk if necessary.
Shape into a fat roll about 20cm long. Place on a large rectangle of baking parchment. Wrap loosely to allow for the pudding to rise and tie the ends with string like a Christmas cracker.
Place a steamer over a large pan of boiling water, add the pudding to the steamer, cover and steam for 1 1/2 hours. Top up the pan with water from time to time.
Remove from the steamer and allow to cool slightly before unwrapping. Serve sliced with custard.",https://www.themealdb.com/images/media/meals/xqvyqr1511638875.jpg,"Fruity,Pudding,Desert",https://www.youtube.com/watch?v=fu15XOF-ros,Self-raising Flour,Salt,Suet,Currants,Caster Sugar,Lemon,Orange,Milk,Custard,,,,,,,,,,,,250g,pinch,125g,175g,80g,Zest of 1,Zest of 1,150ml,to serve,,,,,,,,,,,,https://www.bbcgoodfood.com/recipes/2686661/spotted-dick,,,
52883,Sticky Toffee Pudding,,Dessert,British,United Kingdom,"Preheat the oven to 180C/160C Fan/Gas 4. Butter a wide shallow 1.7-litre/3-pint ovenproof dish.
Put the butter, sugar, eggs, flour, baking powder, bicarbonate of soda and treacle into a mixing bowl. Beat using an electric handheld whisk for about 30 seconds or until combined. Pour in the milk gradually and whisk again until smooth. Pour into the prepared dish. Bake for 35–40 minutes or until well risen and springy in the centre.
To make the sauce, put all the ingredients into a saucepan and stir over a low heat until the sugar has dissolved and the butter has melted. Bring to the boil, stirring for a minute.
To serve, pour half the sauce over the pudding in the baking dish. Serve with the cream or ice cream.",https://www.themealdb.com/images/media/meals/xqqqtu1511637379.jpg,"Pudding,Cake,Desert",https://www.youtube.com/watch?v=Wytv3bjqJII,Butter,Muscovado Sugar,Eggs,Self-raising Flour,Baking Powder,Bicarbonate Of Soda,Black Treacle,Milk,Double Cream,Butter,Muscovado Sugar,Black Treacle,Double Cream,Vanilla Extract,,,,,,,100g ,175g,2 large,225g,1 tsp ,1 tsp ,3 tbs,275ml,to serve,100g ,125g,1 tbs,300ml ,1 tsp ,,,,,,,https://www.bbc.co.uk/food/recipes/marys_sticky_toffee_41970,,,
52793,Sticky Toffee Pudding Ultimate,,Dessert,British,United Kingdom,"Stone and chop the dates quite small, put them in a bowl, then pour the boiling water over. Leave for about 30 mins until cool and well-soaked, then mash a bit with a fork. Stir in the vanilla extract. Butter and flour seven mini pudding tins (each about 200ml/7fl oz) and sit them on a baking sheet. Heat oven to 180C/fan 160C/gas 4.
While the dates are soaking, make the puddings. Mix the flour and bicarbonate of soda together and beat the eggs in a separate bowl. Beat the butter and sugar together in a large bowl for a few mins until slightly creamy (the mixture will be grainy from the sugar). Add the eggs a little at a time, beating well between additions. Beat in the black treacle then, using a large metal spoon, gently fold in one-third of the flour, then half the milk, being careful not to overbeat. Repeat until all the flour and milk is used. Stir the soaked dates into the pudding batter. The mix may look a little curdled at this point and will be like a soft, thick batter. Spoon it evenly between the tins and bake for 20-25 mins, until risen and firm.
Meanwhile, put the sugar and butter for the sauce in a medium saucepan with half the cream. Bring to the boil over a medium heat, stirring all the time, until the sugar has completely dissolved. Stir in the black treacle, turn up the heat slightly and let the mixture bubble away for 2-3 mins until it is a rich toffee colour, stirring occasionally to make sure it doesn’t burn. Take the pan off the heat and beat in the rest of the cream.
Remove the puddings from the oven. Leave in the tins for a few mins, then loosen them well from the sides of the tins with a small palette knife before turning them out. You can serve them now with the sauce drizzled over, but they’ll be even stickier if left for a day or two coated in the sauce. To do this, pour about half the sauce into one or two ovenproof serving dishes. Sit the upturned puddings on the sauce, then pour the rest of the sauce over them. Cover with a loose tent of foil so that the sauce doesn’t smudge (no need to chill).
When ready to serve, heat oven to 180C/fan 160C/gas 4. Warm the puddings through, still covered, for 15-20 mins or until the sauce is bubbling. Serve them on their own, or with cream or custard.",https://www.themealdb.com/images/media/meals/xrptpq1483909204.jpg,"Pudding,Desert,Cake,Dairy",https://www.youtube.com/watch?v=hKq6RbxJHBo,Medjool dates,water,vanilla extract,self-raising flour,bicarbonate of soda,eggs,butter,demerara sugar,black treacle,milk,ice cream,muscovado sugar,butter,double cream,black treacle,,,,,,225g,175ml Boiling,1 tsp,175g,1 tsp,2,85g,140g,2 tbsp,100ml,1 scoop,175g,50g,225ml,1 tbsp,,,,,,https://www.youtube.com/watch?v=Wytv3bjqJII,,,
53082,Strawberries Romanoff,,Dessert,Russian,Russia,"In a medium bowl, combine hulled and quartered strawberries, 4 Tbsp sugar and 4 Tbsp liqueur, stir to combine then cover and refrigerate at least 1 hour and up to 2 hours, stirring once or twice.

Two photos of cut strawberries in a bowl with one having sugar being added to the bowl Two photos of cut up strawberries for Strawberry Romanoff 

Just before serving, in a large mixing bowl, combine 1 cup cold heavy cream and 1/4 cup powdered sugar, and beat with an electric mixer until stiff peaks form. Using a spatula, fold in 1/4 cup sour cream just until well blended.

To serve, stir strawberries then divide between 6 serving glasses or bowls. You can spoon a little syrup over the berries if you like. You can also use this syrup to soak a cake. Spoon cream over strawberries, dividing evenly. You can also use an ice cream scoop with trigger release for a nice rounded puff of cream. Serve right away or chill and enjoy within 2 hours of assembly.

",https://www.themealdb.com/images/media/meals/oe8rg51699014028.jpg,Fruity,https://www.youtube.com/watch?v=ybWHc4Vi-xU,Strawberries,Sugar,Grand Marnier,Cream,Sour Cream,,,,,,,,,,,,,,,,2 pint ,4 tbs,4 tbs,1 cup ,1/4 cup, , , , , , , , , , , , , , , ,https://natashaskitchen.com/strawberries-romanoff-recipe/,,,
53005,Strawberry Rhubarb Pie,,Dessert,British,United Kingdom,"Pie Crust:  In a food processor, place the flour, salt, and sugar and process until combined. Add the butter and process until the mixture resembles coarse

meal (about 15 seconds). Pour 1/4 cup (60 ml) water in a slow, steady stream, through the feed tube until the dough just holds together when pinched. If necessary, add more water. Do not process more than 30 seconds.
Turn the dough onto your work surface and gather into a ball. Divide the dough in half, flattening each half into a disk, cover with plastic wrap, and refrigerate for about one hour before using. This will chill the butter and relax the gluten in the flour. 

After the dough has chilled sufficiently, remove one portion of the dough from the fridge and place it on a lightly floured surface.  Roll the pastry into a 12 inch (30 cm) circle. (To prevent the pastry from sticking to the counter and to ensure uniform thickness, keep lifting up and turning the pastry a quarter turn as you roll (always roll from the center of the pastry outwards).)  Fold the dough in half and gently transfer to a 9 inch (23 cm) pie pan. Brush off any excess flour and trim any overhanging pastry to an edge of 1/2 inch (1.5 cm). Refrigerate the pastry, covered with plastic wrap, while you make the filling. 

Remove the second round of pastry and roll it into a 13 inch (30 cm) circle. Using a pastry wheel or pizza cutter, cut the pastry into about 3/4 inch (2 cm) strips. Place the strips of pastry on a parchment paper-lined baking sheet, cover with plastic wrap, and place in the refrigerator for about 10 minutes. 

Make the Strawberry Rhubarb Filling: Place the cut strawberries and rhubarb in a large bowl. In a small bowl mix together the cornstarch, sugar, and ground cinnamon. 

Remove the chilled pie crust from the fridge. Sprinkle about 2 tablespoons of the sugar mixture over the bottom of the pastry crust. Add the remaining sugar mixture to the strawberries and rhubarb and gently toss to combine. Pour the fruit mixture into the prepared pie shell. Sprinkle the fruit with about 1 teaspoon of lemon juice and dot with 2 tablespoons of butter.

Remove the lattice pastry from the refrigerator and, starting at the center with the longest strips and working outwards, place half the strips, spacing about 1 inch (2.5 cm) apart, on top of the filling. (Use the shortest pastry strips at the outer edges.) Then, gently fold back, about halfway, every other strip of pastry. Take another strip of pastry and place it perpendicular on top of the first strips of pastry. Unfold the bottom strips of pastry and then fold back the strips that weren't folded back the first time. Lay another strip of pastry perpendicular on top of the filling and then continue with the remaining strips. Trim the edges of the pastry strips, leaving a 1 inch (2.5 cm) overhang. Seal the edges of the pastry strips by folding them under the bottom pastry crust and flute the edges of the pastry. Brush the lattice pastry with milk and sprinkle with a little sugar. Cover and place in the refrigerator while you preheat the oven to 400 degrees F (205 degrees C) and place the oven rack in the lower third of the oven. Put a baking sheet, lined with aluminum foil, on the oven rack (to catch any spills.)

Place the pie plate on the hot baking sheet and bake the pie for about 35 minutes and then, if the edges of the pie are browning too much, cover with a foil ring. Continue to bake the pie for about another 10 minutes or until the crust is a golden brown color and the fruit juices begin to bubble.

Remove the pie from the oven and place on a wire rack to cool for several hours. Serve at room temperature with softly whipped cream or vanilla ice cream. Leftovers can be stored in the refrigerator for about 3 days. Reheat before serving. This pie can be frozen.

Makes one 9 inch (23 cm) pie.",https://www.themealdb.com/images/media/meals/178z5o1585514569.jpg,"Pudding,Pie,Baking,Fruity,Glazed",https://www.youtube.com/watch?v=tGw5Pwm4YA0,Flour,Salt,Sugar,Butter,Water,Rhubarb,Strawberries,Cornstarch,Sugar,Cinnamon,Lemon Juice,Unsalted Butter,Milk,Sugar,,,,,,,350g,1 tsp ,2 tbs,1 cup ,1/2 cup ,450g,450g,3 tbs,150g,1/4 tsp,1 tsp ,2 tbs,2 tbs,Spinkling, , , , , , ,https://www.joyofbaking.com/StrawberryRhubarbPie.html,,,
52931,Sugar Pie,,Dessert,Canadian,Canada,"Preheat oven to 350 degrees F (175 degrees C). Grease a 9-inch pie dish.
Place the brown sugar and butter in a mixing bowl, and beat them together with an electric mixer until creamy and very well combined, without lumps. Beat in eggs, one at a time, incorporating the first egg before adding the next one. Add the vanilla extract and salt; beat the flour in, a little at a time, and then the milk, making a creamy batter. Pour the batter into the prepared pie dish.
Bake in the preheated oven for 35 minutes; remove pie, and cover the rim with aluminum foil to prevent burning. Return to oven, and bake until the middle sets and the top forms a crusty layer, about 15 more minutes. Let the pie cool to room temperature, then refrigerate for at least 1 hour before serving.",https://www.themealdb.com/images/media/meals/yrstur1511816601.jpg,"Pie,Desert",https://www.youtube.com/watch?v=uVQ66jiL-Dc,Brown Sugar,Butter,Eggs,Vanilla Extract,Salt,Plain Flour,Milk,,,,,,,,,,,,,,2 cups ,¼ cup,2,1 tsp ,1 tsp ,½ cup ,1 1/2 cups ,,,,,,,,,,,,,,http://allrecipes.com/recipe/213595/miraculous-canadian-sugar-pie/,,,
53130,Suksessterte (Norwegian almond “success cake”),,Dessert,Norway,Norway,"Almond base
▢
Preheat oven to 345°F (175°C) and grease cake form (I use a 27 cm spring form) – you can line the bottom with baking paper if you like.
▢
Grind almonds in an almond grinder or food processor. I like to keep them a bit coarse.
▢
Gently whisk the eggs and sugar together until combined (no longer). Stir in the ground almonds, flour, and baking powder.
▢
Pour batter into cake form and bake for about 45 – 50 minutes, monitoring to make sure the top doesn't burn.
Yellow egg cream
▢
Add egg yolks, heavy cream, sugar, and vanilla to a saucepan. Heat over low/medium heat while stirring constantly until the mixture thickens – about 15 minutes. Turn up the heat if the mixture doesn't thicken, but be careful not to boil.
▢
Let the mixture cool to room temperature and then add the butter. You can use an electric mixer for a fluffy egg cream.
Assembly
▢
Wait for the cake to cool completely before removing from form and frosting.",https://www.themealdb.com/images/media/meals/de83k51763075604.jpg,,https://www.youtube.com/watch?v=LgIQXxkOrMM,Almonds,Egg,Granulated Sugar,Flour,Baking Powder,Egg Yolks,Heavy Cream,Granulated Sugar,Vanilla Extract,Butter,,,,,,,,,,,2 cups ,3,1 1/4 cup,2 tblsp ,1 teaspoon,5,1/2 cup,1/3 cup,1 teaspoon,100g , , , , , , , , , , ,https://scandinaviancookbook.com/suksessterte-success-cake/,,,2025-11-12 12:40:11
53187,Šúĺlance s Makom,,Dessert,Slovakia,Slovakia,"1. Prepare the Potatoes

Boil the potatoes with their skins on until tender.
Let them cool completely (preferably overnight), then peel and mash them finely.
2. Make the Dough

In a bowl, combine mashed potatoes, flour, semolina, and salt.
Knead the mixture until you get a smooth, non-sticky dough.
3. Shape the Šúĺlance

Divide the dough into portions and roll each into a thin rope (about 1.5 cm in diameter).
Cut into 3 cm-long pieces and roll between your palms to shape small dumplings.
4. Cook the Dumplings

Bring a pot of salted water to a boil.
Drop in the dumplings in batches and cook until they float to the surface (about 2-3 minutes).
Drain and transfer to a bowl.
5. Prepare the Topping

In a separate bowl, mix ground poppy seeds and powdered sugar.
Melt the butter and keep it ready.
6. Assemble the Dish

Drizzle the cooked dumplings with melted butter.
Toss them in the poppy seed-sugar mixture until evenly coated.
7. Serve and Enjoy

Serve warm, optionally with a dusting of extra powdered sugar or a drizzle of honey.",https://www.themealdb.com/images/media/meals/d6o4nu1763362422.jpg,,https://www.youtube.com/shorts/gUS-__P4nW0,Potatoes,All purpose flour,Semolina,Salt,Ground Poppy seeds,Powdered Sugar,Butter,,,,,,,,,,,,,,700g,300g,100g ,Pinch,150g,100g ,100g , , , , , , , , , , , , , ,https://www.slovakia-foods.co.uk/blog/post/sullance-s-makom-recipe-how-to-make-authentic-slovak-sweet-poppy-seed-rolls.html,,,2025-11-17 06:48:59
52889,Summer Pudding,,Dessert,British,United Kingdom,"Bring out the juices: Wash fruit and gently dry on kitchen paper – keep strawberries separate. Put sugar and 3 tbsp water into a large pan. Gently heat until sugar dissolves – stir a few times. Bring to a boil for 1 min, then tip in the fruit (not strawberries). Cook for 3 mins over a low heat, stirring 2-3 times. The fruit will be softened, mostly intact and surrounded by dark red juice. Put a sieve over a bowl and tip in the fruit and juice.
Line the bowl with cling film and prepare the bread: Line the 1.25-litre basin with cling film as this will help you to turn out the pudding. Overlap two pieces of cling film in the middle of the bowl as it’s easier than trying to get one sheet to stick to all of the curves. Let the edges overhang by about 15cm. Cut the crusts off the bread. Cut 4 pieces of bread in half, a little on an angle, to give 2 lopsided rectangles per piece. Cut 2 slices into 4 triangles each and leave the final piece whole.
Build the pud: Dip the whole piece of bread into the juice for a few secs just to coat. Push this into the bottom of the basin. Now dip the wonky rectangular pieces one at a time and press around the basin’s sides so that they fit together neatly, alternately placing wide and narrow ends up. If you can’t quite fit the last piece of bread in it doesn’t matter, just trim into a triangle, dip in juice and slot in. Now spoon in the softened fruit, adding the strawberries here and there as you go.
Let flavours mingle then serve: Dip the bread triangles in juice and place on top – trim off overhang with scissors. Keep leftover juice for later. Bring cling film up and loosely seal. Put a side plate on top and weight down with cans. Chill for 6 hrs or overnight. To serve, open out cling film then put a serving plate upside-down on top and flip over. serve with leftover juice, any extra berries and cream.",https://www.themealdb.com/images/media/meals/rsqwus1511640214.jpg,Summer,https://www.youtube.com/watch?v=akJIO6UhXtA,Strawberries,Blackberries,Redcurrants,Raspberries,Caster Sugar,Bread,,,,,,,,,,,,,,,300g,250g,100g ,500g,175g,7 Slices,,,,,,,,,,,,,,,https://www.bbcgoodfood.com/recipes/4516/summer-pudding,,,
53119,Tall Skoleboller,,Dessert,Norway,Norway,"▢
Heat the milk until it's lukewarm. Add the yeast and dissolve.
▢
Add the sugar, cardamom, vanilla, and about 2/3 of the flour.
▢
Mix the dough together either by hand or in a mixer with a dough hook, slowly adding the rest of the flour. You might need a bit more or less flour to form dough that isn't too sticky to knead. When the dough forms a nice ball, add the softened butter and continue to knead the dough for about ten minutes.
▢
Roll the dough into a cylinder and cut into six equal parts. Roll each piece into a round bun and set them in a greased muffin/cake tin. Cover and let rise until doubled in size (about an hour).",https://www.themealdb.com/images/media/meals/xihiu41762773169.jpg,,https://www.youtube.com/watch?v=3LvxDuZuPkU,Milk,Instant Yeast,Granulated Sugar,Cardamom,Vanilla Extract,Flour,Butter,Milk,Granulated Sugar,Egg Yolks,Cornstarch,vanilla pod,Powdered Sugar,Water,Shredded Coconut,,,,,,1 cup ,3 tsp,1-⅓ cups,1 tsp,1 teaspoon,2 1/4 cups,5 tblsp ,1 1/4 cup,1-⅓ cups,3,2 tblsp ,1,2 cups ,3  tablespoons,1 cup , , , , , ,https://scandinaviancookbook.com/skoleboller-school-buns-from-lille-betong/,,,2025-11-05 20:52:31
52909,Tarte Tatin,,Dessert,France,France,"Roll the pastry to a 3mm-thick round on a lightly floured surface and cut a 24cm circle, using a plate as a guide. Lightly prick all over with a fork, wrap in cling film on a baking sheet and freeze while preparing the apples.
Heat oven to 180C/160C fan/gas 4. Peel, quarter and core the apples. Put the sugar in a flameproof 20cm ceramic Tatin dish or a 20cm ovenproof heavy-based frying pan and place over a medium-high heat. Cook the sugar for 5-7 mins to a dark amber caramel syrup that’s starting to smoke, then turn off the heat and stir in the 60g diced chilled butter.
To assemble the Tarte Tatin, arrange the apple quarters very tightly in a circle around the edge of the dish first, rounded-side down, then fill in the middle in a similar fashion. Gently press with your hands to ensure there are no gaps. Brush the fruit with the melted butter.
Bake in the oven for 30 mins, then remove and place the disc of frozen puff pastry on top – it will quickly defrost. Tuck the edges down the inside of the dish and, with a knife, prick a few holes in the pastry to allow steam to escape. Bake for a further 40-45 mins until the pastry is golden brown and crisp.
Allow to cool to room temperature for 1 hr before running a knife around the edge of the dish and inverting it onto a large serving plate that is deep enough to contain the juices. Serve with crème fraîche or vanilla ice cream.",https://www.themealdb.com/images/media/meals/ryspuw1511786688.jpg,"Treat,Tart,Desert,DinnerParty",https://www.youtube.com/watch?v=8xDM8U6h9Pw,Puff Pastry,Plain Flour,Braeburn Apples,Caster Sugar,Butter,Creme Fraiche,,,,,,,,,,,,,,,300g,Dusting,6,100g ,85g,to serve,,,,,,,,,,,,,,,https://www.bbcgoodfood.com/recipes/tarte-tatin,,,
52929,Timbits,,Dessert,Canadian,Canada,"Sift together dry ingredients.
Mix together wet ingredients and incorporate into dry. Stir until smooth.
Drop by teaspoonfuls(no bigger) into hot oil (365 degrees, no hotter), turning after a few moments until golden brown on all sides.
Remove and drain.
Roll in cinnamon sugar while still warm and serve.",https://www.themealdb.com/images/media/meals/txsupu1511815755.jpg,"Snack,Treat",https://www.youtube.com/watch?v=fFLn1h80AGQ,Flour,Sugar,Baking Powder,Salt,Egg,Milk,Oil,Oil,Icing Sugar,,,,,,,,,,,,2 cups ,1/3 cup,3 tsp,½ tsp,1 beaten,¾ cup,3 tbs,for frying,garnish,,,,,,,,,,,,http://www.geniuskitchen.com/recipe/drop-doughnuts-133877,,,
53391,Traditional Dutch rice tart (rijstevlaai),,Dessert,,Netherlands,"Heat the oven to 180°C. For the dough, mix flour and sugar in a bowl. Heat the 100 grams of milk to lukewarm and dissolve the yeast in it. Let stand for a while until it starts to bubble. Then add to the flour along with the coconut oil and mix into a smooth dough. Let rise for 30 minutes, covered, in a warm place.
Meanwhile, make the rice pudding by putting the rice with sugar, milk and vanilla extract in a saucepan. Add the cardamom, star anise and cinnamon. Bring to a boil and cook, stirring constantly. Take out the spices. In a small bowl, mix baking soda with lemon juice/apple vinegar. Stir well until baking soda is dissolved, then mix into the rice pudding.
Roll out the dough on a floured work surface (it is very sticky, but don’t stress it will be fine) and line the bottom and edges of a greased mold with it. Spread the rice pudding over the bottom and bake for about 25 to 30 minutes.",https://www.themealdb.com/images/media/meals/x8opo81777582259.jpg,,https://www.youtube.com/watch?v=Od8EjjvwN_Y,Flour,Coconut Oil,Vegetable Millk,Yeast,Sugar,Dessert Rice,Sugar,Vegetable Millk,Vanilla Extract,Cardamom,Star Anise,Cinnamon Stick,Baking Powder,Lemon Juice,,,,,,,200g,75g,100g ,10g,50g,150g,100g ,700g,1 tsp,2,2,1,1/2 tsp,1/2 tsp,,,,,,,https://insimoneskitchen.com/traditional-vegan-dutch-rice-tart-rijstevlaai/#recipe,,,2026-04-30 21:48:22
52892,Treacle Tart,,Dessert,British,United Kingdom,"First make the short crust pastry: measure the flour into a large bowl and rub in the butter with your fingertips until the mixture resembles fine breadcrumbs (alternatively, this can be done in a food processor). Add about three tablespoons of cold water and mix to a firm dough, wrap in cling film and chill in the fridge for about 20 minutes.
Preheat the oven to 200C/400F/Gas 6 and put a heavy baking tray in the oven to heat up. Grease a deep 18cm/7in loose-bottomed fluted flan tin with butter.
Remove about 150g/5½oz of pastry from the main ball and set aside for the lattice top.
Roll the rest of the pastry out thinly on a lightly floured work surface and line the prepared flan tin with the pastry.
Prick the base with a fork, to stop the base rising up during baking.
Place the reserved pastry for the lattice top on cling film and roll out thinly. Egg wash the pastry and set aside to chill in the fridge (the cling film makes it easier to move about). Do not cut into strips at this stage. Do not egg wash the strips once they are on the tart as it will drip into the treacle mixture.
To make the filling, heat the syrup gently in a large pan but do not boil.
Once melted, add the breadcrumbs, lemon juice and zest to the syrup. (You can add less lemon if you would prefer less citrus taste.) If the mixture looks runny, add a few more breadcrumbs.
Pour the syrup mixture into the lined tin and level the surface.
Remove the reserved pastry from the fridge and cut into long strips, 1cm/½in wide. Make sure they are all longer than the edges of the tart tin.
Egg wash the edge of the pastry in the tin, and start to make the woven laying lattice pattern over the mixture, leave the strips hanging over the edge of the tin.
Once the lattice is in place, use the tin edge to cut off the strips by pressing down with your hands, creating a neat finish.
Bake on the pre-heated baking tray in the hot oven for about 10 minutes until the pastry has started to colour, and then reduce the oven temperature to 180C/350F/Gas 4. If at this stage the lattice seems to be getting too dark brown, cover the tart with tin foil.
Bake for a further 25-30 minutes until the pastry is golden-brown and the filling set.
Remove the tart from the oven and leave to firm up in the tin. Serve warm or cold.",https://www.themealdb.com/images/media/meals/wprvrw1511641295.jpg,Tart,https://www.youtube.com/watch?v=YMmgKCNcqwI,Plain Flour,Butter,Golden Syrup,Breadcrumbs,Lemons,Eggs,,,,,,,,,,,,,,,250g,135g,400g,150g,Zest of 2,1 beaten,,,,,,,,,,,,,,,https://www.bbc.co.uk/food/recipes/mary_berrys_treacle_tart_28524,,,
52970,Tunisian Orange Cake,,Dessert,Tunisian,Tunisia,"Preheat oven to 190 C / Gas 5. Grease a 23cm round springform tin.
Cut off the hard bits from the top and bottom of the orange. Slice the orange and remove all seeds. Puree the orange with its peel in a food processor. Add one third of the sugar and the olive oil and continue to mix until well combined.
Sieve together flour and baking powder.
Beat the eggs and the remaining sugar with an electric hand mixer for at least five minutes until very fluffy. Fold in half of the flour mixture, then the orange and the vanilla, then fold in the remaining flour. Mix well but not for too long.
Pour cake mixture into prepared tin and smooth out. Bake in preheated oven for 20 minutes. Reduce the oven temperature to 160 C / Gas 2 and bake again for 30 minutes Bake until the cake is golden brown and a skewer comes out clean. Cool on a wire cake rack.",https://www.themealdb.com/images/media/meals/y4jpgq1560459207.jpg,,https://www.youtube.com/watch?v=rCUxg866Ea4,Orange,Caster Sugar,Olive Oil,Flour,Baking Powder,Eggs,Vanilla Extract,,,,,,,,,,,,,,1 large,300g,75 ml ,280g,1 tbs,4 large,2 tsp, , , , , , , , , , , , , ,http://allrecipes.co.uk/recipe/16067/tunisian-orange-cake.aspx,,,
53321,Vanilla alfajores,,Dessert,Uruguayan,Uruguay,"For the sandwich cookie cream the soft butter for about a minute, then add the sugar and cream for another two minutes. Incorporate the egg fully before mixing in the egg yolk. Once everything is nicely combined, add all remaining ingredients and mix one more time. Form dough into a ball and wrap in plastic wrap. Chill for at least half an hour or overnight.

2
Preheat oven to 180 degrees Celsius and line two baking sheets with parchment paper.

3
Divide dough in half, put one back in the fridge and roll out the other thickly on a lightly floured surface. Cut out cookies with either the bottom of a glass or a cookie cutter around 6cm in diameter. Repeat with all the dough.

4
Bake for about 8-10min, the cookies will look very pale. Let cool off before filling half with each a teaspoon of dulce de leche. Place other half of cookies on top and roll the sides of each cookie in the coconut flakes (it helps if the dulce de leche was pressed down to the sides of the cookie). Enjoy.",https://www.themealdb.com/images/media/meals/3wnyvh1764373818.jpg,,https://www.youtube.com/watch?v=9MncGG2cH_g,Dulce de leche,Coconut Flakes,Butter,Sugar,Egg,Egg Yolks,Cornstarch,All purpose flour,Baking Powder,Vanilla Extract,Dulce de leche,Coconut Flakes,,,,,,,,,150g,50g,100g ,100g ,1,1,200g,100g ,1 tsp,1 tsp,150g,50g, , , , , , , , ,https://jennyisbaking.com/2019/05/17/classic-alfajores-from-uruguay/#recipe,,,2025-11-28 23:48:18
53062,Walnut Roll Gužvara,,Dessert,Croatian,Croatia,"Mix all the ingredients for the dough together and knead well. Cover the dough and put to rise until doubled in size which should take about 2 hours. Knock back the dough and knead lightly.

Divide the dough into two equal pieces; roll each piece into an oblong about 12 inches by 8 inches. Mix the filling ingredients together and divide between the dough, spreading over each piece. Roll up the oblongs as tightly as possible to give two 12 inch sausages. Place these side by side, touching each other, on a greased baking sheet. Cover and leave to rise for about 40 minutes. Heat oven to 200ºC (425ºF). Bake for 30-35 minutes until well risen and golden brown. Bread should sound hollow when the base is tapped.

Remove from oven and brush the hot bread top with milk. Sift with a generous covering of icing sugar.",https://www.themealdb.com/images/media/meals/u9l7k81628771647.jpg,Nutty,https://www.youtube.com/watch?v=Q_akngSJVrQ,Flour,Caster Sugar,Yeast,Salt,Milk,Eggs,Butter,Walnuts,Butter,Brown Sugar,Cinnamon,Milk,Icing Sugar,,,,,,,,450g,55g,2 parts ,1/2 tsp,6 oz ,2 Beaten ,30g,140g,85g,85g,1 tsp ,To Glaze,To Glaze, , , , , , , ,https://www.visit-croatia.co.uk/croatian-cuisine/croatian-recipes/,,,
53271,"Walnut, date & honey cake",,Dessert,Turkish,Turkey,"step 1
Preheat the oven to 160C/Gas 3/fan oven 140C. Line the base and long sides of a 900g/2lb loaf tin with greaseproof paper, buttering the tin and paper.

step 2
Tip the flour, cinnamon, butter, sugar, 2 tablespoons of the honey and the eggs into a large mixing bowl. Mash the bananas and chop the dates (kitchen scissors are easiest for this) and add to the bowl. Beat the mixture for 2-3 minutes, using a wooden spoon or hand-held mixer, until well blended.

step 3
Spoon into the prepared tin and level the top. Scatter the walnut pieces over. Bake for 1 hour, then lightly press the top – it will feel firm if cooked. If not, bake for a further 10 minutes.

step 4
Cool for 15 minutes, then lift out of the tin using the paper. When cold, drizzle the remaining honey over. Cut into thick slices.",https://www.themealdb.com/images/media/meals/towo9c1763814590.jpg,,https://www.youtube.com/watch?v=ivR-YRcQk08,Self-raising Flour,Ground Cinnamon,Butter,Muscovado Sugar,Clear Honey,Egg,Banana,Stoned Dates,Walnuts,,,,,,,,,,,,225g,1/2 teaspoon,175g,100g ,3  tablespoons,2 Beaten ,2 medium,100g ,50g, , , , , , , , , , , ,https://www.bbcgoodfood.com/recipes/walnut-date-honey-cake,,,2025-11-22 12:27:52
52917,White chocolate creme brulee,,Dessert,France,France,"Heat the cream, chocolate and vanilla pod in a pan until the chocolate has melted. Take off the heat and allow to infuse for 10 mins, scraping the pod seeds into the cream. If using the vanilla extract, add straight away. Heat oven to 160C/fan 140C/gas 3.
Beat yolks and sugar until pale. stir in the chocolate cream. Strain into a jug and pour into ramekins. Place in a deep roasting tray and pour boiling water halfway up the sides. Bake for 15-20 mins until just set with a wobbly centre. Chill in the fridge for at least 4 hrs.
To serve, sprinkle some sugar on top of the brûlées and caramelise with a blowtorch or briefly under a hot grill. Leave caramel to harden, then serve.",https://www.themealdb.com/images/media/meals/uryqru1511798039.jpg,"Desert,DinnerParty,Pudding",https://www.youtube.com/watch?v=LmJ0lsPLHDc,Double Cream,White Chocolate Chips,Vanilla,Egg Yolks,Caster Sugar,Caster Sugar,,,,,,,,,,,,,,,568ml,100g ,Pod of,6,2 tbs,Top,,,,,,,,,,,,,,,https://www.bbcgoodfood.com/recipes/2540/white-chocolate-crme-brle,,,
53394,Zeeuwse bolussen,,Dessert,,Netherlands,"Place the dried yeast, milk and sugar in the bowl of your food processor. Mix and let stand for a few minutes until it begins to foam.
Then add the flour, egg, butter, salt, 1 tsp of cinnamon and cardamom and process until smooth.
Form the dough into a ball, cover the bowl and let it rise for 1 hour or until it has doubled in size.
Mix the caster sugar with 1 tablespoon of cinnamon, pour over the dough and roll it in.
Form 10 equal balls (about 75 grams each) and let them “sweat” for a while. The sugar will dissolve a little. When you roll them again later, the rest of the dough will absorb the sugar better.
Then roll the ball into a strand about 35-40 centimeters long while rolling through the powdered sugar.
Fold the strand around one end and tuck the other end under the bolus. Push something between the roll to secure the end.
Place on a baking sheet lined with a baking sheet, cover with plastic wrap and let them rise for ½-1 hour.
Meanwhile, preheat the oven to 250 degrees Celsius/480 Fahrenheit top and bottom heat
Bake the Zeeland Boluses for about 8 minutes until done. Be careful – if you bake them too long, they will get dry and you will want something sticky 😉 .
Let them cool out of the oven for 1 minute, then turn them over and let them cool further (on a wire rack if necessary). Enjoy!",https://www.themealdb.com/images/media/meals/qawvoy1777627952.jpg,,https://www.youtube.com/watch?v=ypXGr9NdMZU,Yeast,Milk,Sugar,Flour,Egg,Unsalted Butter,Salt,Cinnamon,Cardamom,Brown Sugar,Brown Sugar,,,,,,,,,,10g,200ml,25g,400g,1 medium,75g,1 tsp,1 tablespoon,1 tablespoon,75g,250g,,,,,,,,,,https://ineveskitchen.com/zeeuwse-bolussen/#wp-recipe-maker-single-recipe,,,2026-05-01 10:30:21
